ax,ay,az,gx,gy,gz,sma,smg,resultant,label
0.2215877587992757,0.7419011664032862,1.144035447301144,0.671780852484062,0.10427042376200783,0.3311308297429729,-0.21438685286279285,-0.132620405380436,-0.818096409815201,0
0.6755493977257939,0.11281429545566819,2.372245235108603,-0.05980300818521442,-0.3273359380383507,0.1318817965013381,-0.5849458237365426,-0.05518264244097673,-0.5072831951970239,0
-0.03618595678588493,0.5052983831361427,0.7912882407287536,0.5333177802178865,1.165489248534663,-0.33390275252925133,-0.08106451840705989,1.4884235058106108,0.19220692570914724,0
-0.8103701718713839,0.5983721990320896,0.6416697632720518,-1.057292652554344,0.6705479854054264,-0.40602015730738317,1.1960619795457734,-0.40203171387811026,0.9995802226919747,0
-0.4208738646290354,0.764521146750305,1.6363262778121501,0.586502492157008,0.5317228596464912,-0.3355588986686149,-0.7319741055647441,-0.201014326456771,0.11287391610803446,0
0.19929066666257458,0.3685111469240133,1.3624200097590558,-0.7767985331610537,0.14045393481417717,-0.3464804939341628,-0.3865910260264664,0.25503234432736516,-0.5017770917641537,0
-0.4081161384319065,-0.2697257612972433,1.7320322959983252,-0.30681400504070544,-0.14498041195178685,0.2851977303770039,0.08429306546449764,-0.00023676812003474434,0.255754912360207,0
-0.1739920325997434,0.6825013693799115,0.4589845022757362,-0.8668249647918894,1.6851050899268751,-0.24751110418965694,0.4091338969707482,0.6721122073825939,0.258223312487902,0
-0.057109020213131544,0.5793615416815744,0.24598155178850722,0.9788816019617833,-0.2238288290532685,-0.058776323101181596,-0.2649619124247903,-0.03394243424744331,0.12523383205298239,0
3.8278582198538817,1.111491257742989,3.999386994005453,-0.4733895791022533,1.5882147808728169,-2.8760249834063036,-0.21523580701860645,-1.8538795406051938,-0.3220688616096219,1
-0.6001500365876958,-0.09654055513661028,1.689420392143776,1.182708174561036,0.7393219670324075,0.5739449505850681,0.2727784650315901,-0.25074376271480164,0.22311103124868245,0
-0.7195502614397354,0.4635324608530941,0.7110505683340088,-0.8848467835148854,0.1788713659714783,0.16372578187686934,-0.03138036062451193,0.4117234193677617,-0.8823165748953741,0
-4.8093963275638325,-2.0470148807323865,-0.295723102312344,1.2608585545631934,-0.29737140959740127,-0.09834930411234274,-3.1248313440742317,0.4577550893035314,4.201718988091205,1
-0.19969730376953476,-0.8119207310339089,1.1282288532095717,0.9857280302465978,0.06455328490520865,-0.5467530207535201,-0.3404338273779587,-0.7237832273206645,-0.052046227433712566,0
0.35666321040676763,-0.5409933124265127,1.0205079500692391,0.45191834144769993,0.08564409278652335,-0.8198431091559566,-0.06537132614336194,-0.2527789832810929,0.3846997643365418,0
0.4080008000120787,0.14001668359448854,1.3607801212877224,-0.5714195657670075,0.9174048340639893,-0.3571028722946526,0.368742570798236,-0.3074702065462543,-0.1968203702344496,0
5.967470211028829,-0.8654018280186513,0.7364101699243927,-2.598072521093429,0.043956606693138334,2.8769486870517844,-0.6756571337356797,0.328580968749108,-3.70159314707666,1
-0.293914728059427,0.005273484944650075,-0.023911304425759394,0.310354102303521,0.22472464395337038,0.09703856177111081,-0.7774822239924383,0.03415402513655536,-1.529791303404933,0
0.9029607501931239,0.367867614113232,0.6948781963668502,0.6100700744674012,-1.127922116521903,0.3687477663828343,0.009343922115921499,-0.677909588479427,0.21243222619386332,0
-1.284946975397943,-3.5512456373212227,2.270290131891095,-0.6400116585556306,1.2339485900850355,-1.7566833035206169,3.5145390064502893,1.4088502461280412,-5.03949982616801,1
0.7393892765344838,-0.4227344463039838,-0.03445472272592992,-1.3829199030711274,2.4318916212495467,-2.35684177747033,1.171965353525064,0.3146076788155666,2.218907399887118,1
3.751951841748815,-0.21054667428779708,1.9903155138980393,2.960229894446619,0.1305556132705942,-1.5852858663621128,0.4267901060272038,-2.599453371072678,0.6363333882425275,1
0.25201777627968797,-0.05174773248350742,1.624961257780797,-0.1392916387938887,0.9977786527259178,-0.7711858699848612,1.1375271632147221,0.9306019579530275,-0.5627946822987924,0
0.10464354098646575,0.13636579448629907,0.5701954348874173,-1.253877687114592,-0.32709114421963503,0.0020656848778685677,0.1926769900281366,-0.4298965544368596,0.47062895469290417,0
0.4770748419262203,0.35796829807670727,0.5822556327430028,0.20474172125291124,0.1686122642296503,0.3045224871834558,0.2760040093319449,-0.8576017431893135,-0.022235007098053594,0
-3.0124870358344147,-4.672152364144896,-3.0172571211183596,-0.45732861095093946,0.6096059327139925,1.220290145075393,-0.3167593299671469,-2.6277597819260934,3.234190454646508,1
1.1269324543881032,-1.442939419409903,-1.7466222900106212,0.6359356717709215,-2.4122457599596046,-0.4194759838747337,-3.915618620060862,1.7453974868476627,2.1595775298746003,1
-0.12356030090543946,-0.23251515835616005,0.8453160011972822,0.06624390935168772,-0.6349601366605337,0.35877527520184743,-0.5470047875592586,-0.4089551237399532,1.0764868645763772,0
0.18334412867677083,0.6386604630978552,0.6448595366606767,-0.6390249744579055,-1.143115553729964,0.4392385337726268,-0.6253377999861356,-0.7137090960365959,0.5073351803016964,0
-0.22452500494984273,-0.6640773871469009,1.8934381141022694,-0.42375853604594504,-0.5832248940534643,-0.26435394590230954,-0.3084519730339514,-0.3456857798946763,-0.270022083548725,0
1.2390677895116238,-1.687905191676249,3.8993255702880147,-2.839712679562633,-0.19515920336127554,1.7207972951710961,0.4553955987325402,-1.3298353665339047,-1.6725925757661142,1
0.44563132563015145,0.9713086332640474,0.9558201787289571,0.5901767392900068,-1.444023224109716,1.0342436542139557,-0.3333480547338493,-0.2963521017268954,0.49579088826162665,0
-0.5147836002341207,-0.7829050690605767,1.2907838883424354,-1.5499942623376506,0.9647810722092907,2.1577732817387716,-0.08424491728110206,0.2435694127748248,-1.0165787780735462,1
-0.4610837732655587,-0.42439217663445783,0.3080819889696784,-0.1494147558292421,-0.09428910900137182,-1.1801182123037686,-0.32562762583276955,0.8479613712475701,0.45891036463336293,0
-0.0922223827365289,0.5207754318571296,0.7916307805051175,0.3774439809280369,0.3935324087952831,-0.16141309818256144,-0.19193069251439396,-1.0708199492871773,-0.3805039003086919,0
-0.12444128710639307,0.14182051285001482,0.023777321169897392,1.5812360149665996,-0.532800777448852,0.6378099318244371,0.005404492392951599,0.47866042529601627,0.48898457411921387,0
-3.113961452815496,1.1883096380364335,-2.930435708989426,-0.7638801705906224,0.8697606975731295,0.5811812899695106,-0.25882441486784047,-1.3072296948236828,-6.233336937477116,1
0.025197344839346034,-0.35607154107097966,0.7271759819547345,0.3042094082771953,0.5780915345098208,1.2284197661666407,-0.281263859972473,-0.9020541678613095,0.25501547232162064,0
1.012753901743998,0.8129579355133176,2.24558171536886,-0.17169615014616615,-0.5022370662930069,-0.006029826214839731,-0.4015827443494753,0.288069770786871,0.382384303915818,0
0.17290331949935578,0.29517487485044525,1.2673597595077872,0.2901804911918966,-0.6434054199091928,-0.06213588918241131,0.08293434938902194,0.2762036419266985,-0.0669986231719303,0
-0.07731485321500656,-0.18645550973280017,1.4060279145444632,0.193282280463239,0.054411715986110054,-0.4852520391214821,0.21407477859914248,-0.2191416769378292,-0.4216971804719204,0
0.4277526254582307,0.019528292736015862,0.9900672538707707,0.17779383354601808,0.024598726396679763,0.8047057300173162,0.6727829423167853,0.4819544046596771,-0.21136478115286905,0
-3.346862317849868,-3.6584690361674026,-1.1241220031214152,0.6259387395122076,1.1383561366193882,0.7736855055340661,-0.2621465136665693,-1.9970472642892245,1.1900152687073635,1
-0.4226182494747696,-0.10194383994662093,0.9563421346020271,0.37745645320415044,1.053036661489275,-0.5132801274323139,-0.36373668047039,-0.3649713952723252,0.3492034072315954,0
0.5944703544356742,-0.4752987186433063,0.8195986848526443,0.5529883840713066,0.01597081198712247,0.11535996493914719,-0.4728199391554901,-1.0437081215760209,-0.3365859654535791,0
0.018922860050233026,0.9597935624080746,1.0898708411174947,1.0673877819377113,0.580657974482959,-0.8147252949997814,-0.10321580236452292,0.11302196822576621,-0.8189242284945448,0
0.41877613596352214,0.3519532812264724,1.4068409763897292,-0.1489329437017778,0.06344771598832223,-0.1704834589220554,-0.9321993270094873,-0.5402451640486711,-0.33742143543226516,0
0.16857734039579175,-0.5503597131083644,0.34783336650660784,0.6488773627977524,0.06263186027929052,-0.07868140518890607,0.5042038736499814,-0.3732713650767604,-0.23545625222308242,0
-2.076152583634218,4.282691275916805,1.1625461885053876,0.7066869297794683,-3.1747735751085333,1.053092942644482,0.8725019431015462,1.2044449296303146,-0.5128454538886288,1
-0.287840229923276,0.15054173175576246,1.4027195341967478,0.37028230039657567,0.6371938483056246,0.14330204175452999,-0.09589284075151415,-1.0616514613899417,0.6407030832816862,0
-0.024665309214226862,-0.5083153395956271,2.2513176633904446,-1.2232144514810703,-0.3497794174683275,0.5929748699682719,-0.3378947257979884,-0.41724224774406937,-0.5340006845631606,0
-0.9922897509062364,0.23649304417931988,0.9495088457271995,-0.5285556751330442,-0.44387558845275815,0.07696600756621765,0.6403586234415306,0.0436124502292093,-0.8969289305589023,0
0.6044975323120051,0.15206319036157862,0.6404535783780912,0.8186317706012383,0.28932853598747466,0.4212928138239288,0.8878433183041102,0.22472088397609358,0.07641625411455,0
2.389895421161431,3.058964651035513,6.010277672686078,-3.5067566109907764,0.9547657457968513,-3.3856285073019476,3.9494260383100315,0.9202077860644027,-2.7353512974908787,1
0.5659651228798623,-0.6126007777448141,0.4876528145415498,-0.3901683883021452,0.2964028631763924,0.2716292851129753,-0.23697904780374965,0.24799678720997648,0.5695915700167096,0
-0.4834494341466931,0.4393464757377249,1.4724127186244307,0.1825920216374573,0.6018646085575238,1.0885482642506015,-0.011727931555006621,-0.428843261649743,1.0448900439888538,0
0.7022019822889349,-1.456140855650834,1.5036566753772438,-0.39649915476183506,-0.07077273790867106,0.0934812754689221,-0.16091677418820519,-0.433053842420448,0.2705922630615275,0
0.25217131219495903,-1.0784663628678062,-0.052884793752201786,0.1733265585661777,-0.1412883672111092,0.6776581214316404,-0.2853407994724706,-0.48899698002760994,-0.9303017000946595,0
0.6602155771687727,0.5734738884739455,0.9305320061249491,-1.13169303327266,-0.3797239462587326,0.3896788125196574,-0.36344600157824614,-0.33019296413476695,0.822575442186201,0
-0.514855165962735,-0.2565662449496615,0.8910194946883668,-0.3494190868028994,1.3013488100877217,0.3645038223261002,-0.2990370963085848,-0.294020217951465,-0.05897205937793579,0
-1.8343841169344408,0.618222519546088,-0.15148365849957168,-1.7088131846326526,-0.21947030877500795,2.4568573134585874,-0.527132128358448,-2.535468496970573,-3.721249986574127,1
-0.3160792383911052,0.27554194703818086,0.1134748501802082,0.08325932988009091,0.3603541936688682,-0.3457779302918878,-0.18394443192525095,0.5083042559916542,-0.6912008190786054,0
-0.18539896190336658,-0.45140550458637935,1.1240349871064579,-0.33360989939573493,-0.9106018816086462,-0.5988520802707298,0.8343971872181233,0.16777281527235072,-0.1905615971201476,0
-0.7765779740002157,0.38578361656976096,1.4701989299884552,-1.87982065531962,0.2869457570739017,-1.260819315020145,1.1414622228115996,-2.339643848545193,-1.3048250379038135,1
-0.4716018719902032,-0.2201542082063508,0.9989464467089155,0.02502149310450338,0.04574674426940714,0.7007838426162011,-1.0113922067515058,0.8059247495463886,-0.13252302615129913,0
-0.31202675389215956,0.5374621353954745,1.1946113557106401,0.12912379980599756,-0.12838395638157463,0.004639505416022538,0.29673531287909066,0.7572606206576729,0.4957266136578701,0
-0.2141151139125277,-1.6109748604395917,2.6758182930081693,-1.401305653671603,1.4960242013077332,1.7261807850123931,2.446487700520985,-1.0996402141101802,-4.695209641183286,1
0.6508378414390249,-0.7339375381872133,1.058474148711764,0.3332202255860901,-0.024208287079916513,-0.3398233422346056,0.40632863589154633,0.3402380545194514,1.4036053372715596,0
-0.48880967460394226,-0.4794572939487746,1.2318337284977614,0.21221518048221202,-0.2992022681091131,-0.2437583338940351,-0.4598365938796511,-0.27401013549024594,-0.8378226947754337,0
-0.5886772543231031,-0.22223765126212863,-0.2522776605215009,0.6730837817400449,-1.0409514120859074,0.0703592541210874,-0.5953337765416804,-0.03720132042729454,0.2519419126782362,0
1.4531651114930286,-0.31617718781442333,0.15862435504933392,0.7635975731607342,-0.0140265808874845,0.13063526389816713,0.18460299921677542,-1.0686670136941243,0.3741638777795195,0
-0.18027532119512574,0.31643467366954203,2.0903235540481546,-0.5409490489315225,0.6691360961167311,0.5411377627799032,-0.5311994561830482,0.04424881996273767,0.6152021385263255,0
-0.6527854205778324,1.1040186771897396,0.112251134744762,-0.1677652246508346,-0.5327257776970837,0.7234515592827236,-0.4728862067544283,-0.8012582128438019,0.4402529111359353,0
0.3082856408539827,0.43876070808477247,0.6931850116946721,0.03140054172549765,-0.41519543127773273,0.7415908442604332,0.5732793348990405,0.5672789661230944,-0.23309632758336712,0
0.6838785304030628,-0.6984459371613136,1.121667329535517,0.12122493933397654,0.4169733537706817,0.36905386153252867,0.2735902254212545,-0.847709197299237,-0.017949226158870773,0
-0.015573190625927547,-0.24347657780239462,0.8673043855723199,-0.32555738656726985,-0.1082014876721295,-0.059161809278421296,0.24251398882451652,-0.668263418194756,-0.4710908505499797,0
-0.014037375725355239,-1.0079142419782203,1.3504650161480622,0.5567047764560026,-0.030138381316303697,1.6200062673629694,0.3238172521677752,-0.47472159053252155,0.06526847758230636,0
0.021849177219629114,-1.2108028742729187,0.5815099258942175,0.4577553795353823,-0.6647916150963102,-0.3867797955292828,-0.2654915354555024,-0.5205555177683114,-0.33571351425653356,0
4.239358103981295,0.4143634963215044,0.43476461202853195,2.0490334482178096,-0.32026892714435695,0.16456285445319963,-1.382662547016576,-0.07680737998514964,-1.8468244985098985,1
1.877435590451753,-0.22576603426201058,-3.317734083803465,1.9193268001953423,-1.6973958101786,-1.3214922964324813,0.04627008930664768,0.5740673710814707,-2.1062059385706418,1
0.7237956156468234,0.06229412734920556,0.5562361796916196,-0.12403541957957837,0.05242935288496431,0.26998848000504716,-0.6544957124776681,0.7555731982179019,-0.7761313637138583,0
-0.5366145693241493,0.9240396977027318,0.18306667160615236,-0.5645286546182162,0.7655984411561977,1.0474260372731412,-0.4891446578446728,-0.6146325990861817,-0.35236425993505743,0
-0.2222309552465364,0.5218514578964706,-5.566875099265429,-0.36340857145541006,0.09151175847697829,-0.6304720539264761,1.3015207216977653,-2.398499873871779,1.6366506933466838,1
-0.6569789486652907,0.2813610702268381,0.7316765104715215,-0.49966189281366424,0.24418724701746428,0.5484460665529829,-0.2869319782366736,-0.05823998745516179,-0.08208039097198894,0
0.6510814903480583,-0.7607453359817835,0.5210953264765332,-0.04968655100198183,0.8199924622011091,0.26743042066870903,-0.29322437301626847,-0.11325122362438972,-0.6131414526099096,0
1.1009482410342548,0.2979823387687036,1.123897270076035,-0.9651710984148855,0.7819654925884996,0.35632512346178935,-0.34885778631698194,-0.381237044903374,-0.7337718140372637,0
-0.13183587544362063,0.6264941749402541,1.0017119648830772,0.3387264496084998,0.888176574181334,0.008459326278489526,-1.4419354906450381,-0.13576557882529033,0.33235129949505793,0
1.3826620726106464,2.6522348106449707,3.1911002440726732,-3.038511266321003,0.4370199527396765,2.7226145667301407,0.34193686232357556,1.6350603387522211,2.404851746317312,1
0.4189437946195945,0.9766344663396532,0.13583581854650917,-0.9785801232081395,-0.5489573746188912,0.16758427958128583,-0.4037515656336909,0.6844109697092267,0.9203042171750164,0
-0.42133522358373515,0.690844816255085,0.47758554260355895,-0.3804848712377314,0.7910858385081185,0.323046087630323,0.8862510739532521,-0.7584175919949335,-0.6137196821198937,0
-0.20964154107904792,0.673698762317122,0.5023404268764595,-0.8372548126975914,-0.19270923282172503,-1.1046565700949007,0.4158482185975939,-0.2618693961858924,0.3488055012006812,0
-1.928232113092999,-1.3189426437407066,0.9133325158418597,-1.789432051588328,-2.523276356606204,-1.2677251622618277,0.1730312217996558,-0.5708925510418674,-2.221920411674658,1
0.9047704607609632,0.25245560168699505,1.7083379022831928,-0.3158268723402895,-0.060340740464748265,0.03668254039633018,-0.152660415517687,-0.24117630546008123,0.0464814333683215,0
0.002089745039261806,-0.8499857042205043,0.440614626982338,0.07831956460649075,0.10657695385344357,0.6031485308421806,-0.3970054177542951,-0.29108944406746273,0.4033316717922446,0
-2.056422653810813,-0.38103182250559564,4.289015642828483,1.198130034507166,1.1917566893626406,0.6975670887728145,1.7389751178203858,0.9633096879752661,3.234897571163835,1
1.310295390382716,1.0111295188412914,1.8604902447601483,-0.6244409228661617,-0.7614579445543416,0.09153690459704125,-0.9751377768091329,0.11226585332100827,-1.0980724056260451,0
0.25260744364384824,-0.01605064815440732,0.8628537152800737,-0.1804372239767909,-0.9941742134294167,0.40565754171292334,0.6202879210476729,-0.25791532242914383,0.6336958058854196,0
-0.17438995437837856,-0.15989320015779374,1.1625180667414527,0.21729863347630032,0.6026992804348441,0.28775219123182655,0.15467357180322114,-0.45425660059390427,-0.12054343817955901,0
-0.6493970210522582,-0.8869740103853234,-0.9985595879284631,-2.821055377723455,0.7590953185768216,-0.5879627806496049,0.4323427271297691,-1.4874811041619496,0.330623789024433,1
-1.069623597080604,-0.5012384153189696,0.9762939127725652,-0.5761558835619969,0.3231387918487604,0.44181284452588854,0.1355330520880593,1.1098672867637276,-0.6530118434067729,0
0.059487543732515566,-0.46947025199119197,0.97918233036939,0.055689960073854156,-0.8550842824044904,-0.7057468122533095,0.43064021228777727,-0.01688068302657121,-0.2617316458481023,0
-0.9393695750726033,4.271469764526794,-0.15871994523529465,-0.06337623399478515,-0.22098002165093034,2.3980984293642926,-1.8627510462648653,-0.2840688912725754,0.34291996627676125,1
-0.015040963346425462,-0.5263235368120127,2.4051856643870972,0.6973094984839276,-0.45904953146030897,0.4918292342130821,0.26889246964738495,0.2868883213001887,1.3138046033129456,0
0.4120112890853905,-0.2899914667847918,1.366700366191357,0.5198162762130903,0.6590672081505516,0.025481732091302584,-0.6933343730234571,-0.3748069994284644,0.47662201105057794,0
-0.017630192193201,0.5818772681832443,1.55585428205559,-0.6712017453947157,0.6442984569761636,-0.026929233045054596,0.3170284143044421,-0.10876871088644155,1.5016692601215613,0
0.40443318320579297,-0.7380108823195337,1.256662883745268,0.14196212813840164,0.5142500524226152,0.14222282973947484,1.3137861489782472,0.10793303739315874,0.07090737581822476,0
-0.401970137511251,-0.6896244020984525,0.9381172935238956,-0.000253648918902033,0.14501432713422763,-0.33655663566582655,-0.3130587893054013,-0.6974947313651143,0.31903936334624233,0
0.519517382874872,-0.26270954201734836,0.6973329064288993,-0.38664590113754593,0.6956109964605757,0.6261984664746537,0.3729285492684533,0.5086889897005867,0.5063092842537154,0
-1.0187479615690043,0.5580731061141094,1.0929049634415477,0.29382785902862,-0.08562617612795499,0.34313861528996287,-0.23668320301134324,0.7741085367019876,0.41553140076335837,0
0.19281337725795697,1.191298635726021,1.7933983220269578,0.5399231731380957,0.31691399926129676,0.951836252874982,0.06294477731847484,-0.19602535060695064,0.5612378253330799,0
0.2899030937472379,-1.1280426250347488,1.6457138355585283,-0.07498592123880565,0.7530428601280191,0.19287775421742936,-0.6816483377642257,0.2566702021698853,0.398143993070345,0
1.4823269936024133,-4.298859104554827,2.103140609672393,-1.1818475271285462,-0.7353597060980873,0.8168845319246262,1.3629124472489504,0.5292202011586924,0.7373966109463768,1
0.12792245563543753,0.20125310286040654,1.0249150182144198,1.1499081448437243,0.2576063463410993,-0.09862543449332709,-0.5791361923106507,0.15761046441745435,0.8393393573484844,0
0.09569580759567003,-0.21126995148762115,2.1193006203307765,0.6039347180170208,-0.07433067630979043,-0.7930575291982745,-0.02540847450954592,-0.025574501220945206,0.6218081282743952,0
-2.7402696235773463,0.9259815273009314,0.1439391677448105,-1.1564250938134286,-2.6015657008910136,-0.7641427733108073,-0.6461496405456431,0.8622872692595531,-0.05663210801843577,1
-0.8989460201244976,-0.9065388062564436,0.9911238167425461,-0.6209268955955539,0.8897176145554122,0.04017577385366855,-0.22870404113830384,-0.3612919406866973,-0.9198077587088256,0
-0.5747684798276993,-0.308839335643093,0.7118250417849554,-0.6371876843919647,0.12732748505495528,0.14100574025688828,-0.049040855365080155,0.9485359110244461,-1.2626788906425577,0
-0.12052355769478221,-0.013360447999404182,0.6698396274398055,-0.2851312524068951,0.3090698155544233,-0.20839325820212007,-0.2568740560750258,-0.6144976167893719,-0.8775514367128002,0
0.010133834396565011,-0.08459764221808247,1.516600565195039,-0.14661352599573607,-0.18430106418804829,0.3647385676397156,-0.5438055334324675,0.7910026438157127,-0.6833342244121889,0
-0.09943120188686516,0.035684686381276254,0.6469960588454273,-0.03698993819622465,0.06479914465545483,-0.403909959281192,-0.11385496390787453,-0.5997960270877072,0.22563997392570417,0
1.3163739661490974,-0.28364078523476965,0.9710481378081088,0.03769496180407255,0.3593414772202303,0.16456474855323527,-0.11821864620946823,-0.1560546098810908,0.39374960717740093,0
0.4532933976438989,0.24612375285568874,0.006574857041909299,-0.45038250953073083,1.009130275427484,0.006378324144489925,0.45583513642003254,0.5427385592473662,0.38101629371486456,0
0.0720173069494878,0.002056425330660805,1.146260520389569,-0.5546344836471258,-0.04602655706006464,0.2005277141449785,0.9566734140190616,0.3395352312676815,-0.24642659408173465,0
0.41536359298930003,-0.2464862264151617,2.4434003972386993,-0.03317821871650742,-0.5162807089796927,-0.4202608755705457,-0.18212107871116381,-0.22035345024368916,-1.159769113598748,0
0.37983920275510047,0.9804900068063838,0.160585052205241,0.05291950990225791,-0.00029805765779500337,0.5328790550336269,-0.9495529872077912,0.04868683488867315,-1.043786355125098,0
-0.16881828391847775,-0.11545175279296765,1.3799656155947384,-0.5088237445793848,0.11114753975362646,0.35903791083959696,-0.4285585209785708,-0.07832365990111745,-0.15627976330355658,0
2.0042917177133925,4.070660608367563,-0.9846357975941211,0.11218468187303382,0.45248090516457884,1.969709247787761,0.5375919464442664,0.8878405633462428,0.5978717393782308,1
-0.09225134495647089,-0.05572524840507708,1.2035299525940344,0.0850041896612183,-0.169673693963212,0.905761361962885,-0.31470623221722394,0.42029504301772586,0.9160825136973834,0
-0.009594842561175987,-1.1645696204028475,0.8677365145565992,-0.015388248999075524,-0.22553203792118132,0.5497504715646706,0.6019862973065742,-0.4155079000969195,-0.44480783858476036,0
-0.20498143534222452,0.4583188263439829,1.0930321109227312,-0.4335302058940985,-0.6751696537087828,0.15976808993393082,-0.3523048637426324,0.5139065663281241,-0.38681651809128414,0
-0.16229821960682222,-1.3617300273833477,1.2095745510112845,0.20435243145961046,0.3725701673696272,-0.19190594607526046,-0.4390923058054046,0.39530218013406315,-0.9387055882513052,0
-0.4707865662142351,0.5346891247370839,1.2583889073560615,-0.9198116222192878,-0.2695448430513072,-0.3533018227523841,1.171427084130693,0.6616180097256618,0.3924927603128211,0
-1.925856331860417,-0.20782755213165716,-0.9592410431527665,-0.538165730335364,0.4847948769739861,-0.9130892616367202,0.7702390681876783,-2.4543772865569746,-1.1676872256291602,1
0.19192999492882545,-0.08430476982932997,1.830381857887267,1.04068124969478,-0.6349535686744877,-0.3266600666224482,0.8151810708376087,0.05930172901583752,-0.9504090164725841,0
-0.8192258516116524,-0.3226286939905324,0.5409744945988879,0.0002251842199627041,-0.06854481818062369,0.3765580367138763,-0.48435444363339203,-0.2622424862583141,-1.1664846761180652,0
0.03634764636692512,0.5405523074105966,0.5686713404037098,0.33440310294694303,-0.29096928327319493,0.39407031732666314,0.14837782752859716,0.10868231861833048,0.27887359457018335,0
0.6965598470576891,0.31493121131188706,0.5360648769105223,0.05349604273135374,-0.21078057225500665,-0.03709769815438882,0.02794970043759415,-0.6208570932567175,0.8079007579181129,0
-0.2800354188824888,0.37967032900790776,0.7413442609965729,-0.9089433168172585,-0.05404979079314645,-0.6346472685944292,0.3710066890639913,-0.7863635233317686,-0.3694087334897735,0
-0.13552711347819674,0.43918304263117397,-0.0707095498815492,0.016287844401181712,0.542443866612964,0.9271912049295605,0.37251491671558323,0.8963514154513319,0.2614351121717985,0
-0.7410316861296096,0.32629233152017045,1.2695160292555778,-0.3689452616263073,-0.27082712548666826,-0.41842206419337535,0.07176141184571877,-0.19858683145233794,0.020337662508511267,0
-0.6307399707658344,0.08087937440400664,0.5007958978559433,0.0017254134458049575,-0.6011681287545654,-0.13702448782744991,-0.22841266553744827,-0.7023975216018735,-0.8046555744855339,0
-0.1269916986798636,-0.14080962451952364,1.0559636401559658,0.45063489428431663,0.022132010114186085,-0.21639706020804472,0.48947830947189497,-0.42162115540506234,0.22542317604612783,0
1.2005806407870148,-2.6933005544206488,-1.4177173176497795,-0.37422870013765225,-0.11230215591700761,1.9164876975310154,0.972222131355667,-0.8078577144830291,-1.1383008344543537,1
0.6038976823686488,0.015639440982232813,0.4662109050025996,-0.5768020039910993,0.26522908468937073,0.27705988012498894,-0.6787524240342795,-0.11662584934706959,0.05123465555877024,0
0.07447453613700925,-0.03658664943146406,0.2698851149385043,-0.15672050267174328,-0.20358146465022686,-0.7143991731769139,-0.05730464139481205,0.33710826634174623,0.23331427306318428,0
-0.16398300633931415,0.08695060159372064,2.166801622426508,-0.9793396902192977,0.2664338140582264,-0.7374800183367543,-0.5629490401374976,0.30243718446615975,-0.03310245639116893,0
-0.6194704437278787,1.1121177718597004,0.7624767477127685,0.32802713799971533,0.13791024529032636,-0.1041838306466425,0.37474735083419425,0.0011167278784303125,-0.1878673360730837,0
0.25893402393781867,-0.06254107361440386,1.2484830305135457,0.6076236338278246,0.07025200805479143,1.0200288489273217,-0.20872223569849846,-0.01993129098658479,-0.43886565786144294,0
0.24838000760822648,0.19427835890427606,1.255291401881807,0.4548285233568113,0.7894893798279061,0.2058913851542808,-0.10009352153815337,-0.37579080081891125,0.36623976958029075,0
-1.1380937781169167,-1.3431907093780135,-1.4399496750897307,0.27016071790420537,1.034782055191295,1.198008005334627,0.6371453240035141,-2.693765423596359,-1.852573484242567,1
-1.5745757760957249,-0.2948979286234462,0.9546200291376697,0.3569146398055359,0.08541347477298974,0.9164876207556898,0.000560086340382078,0.9279442462034524,-0.19581925525708382,0
0.058522760471799995,-0.6741524989051,1.580694373633063,0.13899952654283187,0.5234524734040946,-0.040901710887956966,0.12274751513888599,0.16924174188831237,-0.5199313873634702,0
-1.3611934584943626,0.38293848439326006,1.369120637556859,0.6178933070389687,0.1716848223907807,0.722270784179954,-0.6865372643208325,1.2262925372277844,-0.10703088325453691,0
0.7520146596373247,-0.038942184571451766,0.6192579261690275,-0.13066270962617377,1.2107444860282688,-0.3923558059158276,-0.5323619428219397,-0.2482837030391657,-0.8439456280434708,0
0.566852528661645,0.2459110816022192,3.0258116118362217,1.1845829454719998,1.8778160279211136,-0.39851691389483807,-1.505590846527579,1.2561302260619747,-3.54271449748938,1
-0.01895086862627087,0.619438351581647,1.0778671581648702,0.011007182645435709,-0.8674669121812221,-0.47807996877817127,0.3832331544395753,0.5436069611619043,-0.02441429712017787,0
0.5410222689844569,-0.08391542836854718,0.04307365743567759,-0.6569830264492463,0.260830629987044,0.007715805045903551,-0.887771938485338,-0.937116630902437,-0.3040033133012258,0
-0.6604342551157444,-0.5674042348895476,0.6881373210822872,-0.08625302358458994,0.7500544082930882,-0.6648124176871016,-0.060075686024982755,0.5396714253910873,0.5726448195521852,0
0.9868388604211928,5.545823203926566,2.038465198289863,1.2952054150353642,-0.3630211873721154,-1.7114916769173008,-1.358370603371243,0.24221975608356244,-0.3714981452241693,1
0.06451405403812169,0.3362464347817695,0.6956236029486369,-0.5368017066290499,-0.35194840680607914,-0.2647359766470445,-0.6384134051429964,0.13113937570683096,-1.0272063887461795,0
-0.296268762919633,1.0296789945715692,1.2351352127409745,-0.43352808038669244,1.070165371780232,-0.8336443083802157,0.5418983399770223,-0.051336730860987535,0.476873054324791,0
-0.195877598036239,-1.154220428908154,0.8235953554696281,-0.15624094051921245,-1.0276265848929858,1.1509556372393501,0.3148658136570932,0.2834944979760968,-0.8260662666273221,0
0.13553151411280162,0.4692204128208196,0.5428206021509492,1.9419749414263707,-2.1088740526933716,2.5556668832951304,-2.6087784661606666,-0.6953325732952964,1.436907711729598,1
0.2339871147459783,0.1877157795489488,0.8388956403257107,0.21968417762071218,-0.48106815765182565,-0.020092396052550254,0.4408202292831167,-0.6050890161086371,0.5791747484064185,0
1.80621463382898,2.177665503558014,3.8565497354541485,-1.6141141217168957,0.6143888897052346,0.2560016154045534,-1.3166793313592193,0.599463075472734,2.397935611210283,1
-3.209542864039283,-1.3079069965841312,0.6016725998594071,-2.0507393785715062,-1.0839050968994624,1.7790236082640587,-2.564187040943579,3.2239097455578682,3.21196222189039,1
0.07743551016526926,1.0876176429588473,0.8779661053129868,0.45771261566241844,0.030534467132166496,0.19321880471285915,-0.29671899593282314,-0.4963155156294885,0.691004265795774,0
1.1862235335612519,-0.16904448976379982,0.9006498055041454,0.7298537308411674,0.38056590402315005,0.3645185986760924,0.4132247105623324,0.12169868911627284,0.05286870134796315,0
1.7374277936316633,3.651367347124434,-0.08238328810764395,0.2540839259591821,0.7660307380636191,1.4536488565229693,-0.1520599562918424,-0.6003928793581078,-5.2056656829522225,1
-0.30326626854226224,0.5116325491238689,1.723689807625676,-0.6072849326134093,0.8947746840623082,0.3544421917104894,-0.5287414585504514,0.718121979623018,0.40350399847717344,0
-1.172392802224896,-0.3428018441006224,0.9919848321664317,-1.2404517338794245,0.40862873769345187,0.5133883282514883,-0.6624869496390277,0.15366623307965485,-0.05262092645662052,0
-0.5073106737519157,0.19996993986439499,1.5025506236229216,-0.2912902983638548,-0.21063756416086576,0.44420280266349976,-0.32804771830277984,-1.2183215606125486,0.3179359309230662,0
1.4306126959765777,1.97857141048818,-3.1305238328877474,2.2016943517664225,-1.15904665972986,-0.5093247785985477,-1.152887360046991,0.9608068892439191,-0.479645139030426,1
0.04270233385114302,-0.09805169612687897,1.4586512415057136,1.3231843861950079,-0.775009337290081,0.6581593496573125,0.6276211106908469,0.4369557424064546,-0.669456485820862,0
0.8829507883375763,-1.0269371905013331,0.6820888087798709,0.6547629627302277,0.2532982646989032,1.310491817754314,-0.8837456004965446,-1.0196995430445037,-0.0871704948468954,0
0.3366099844603315,0.24650601553049728,0.9665686325501553,0.8966732638786994,0.7911066574760645,-0.3944199720687536,-1.0168127956055604,-1.0147643210228074,0.40247417493587123,0
0.502104393138271,0.04522063149007191,0.6501860546629293,-0.7726027000830524,0.21815233260947578,0.8121696028368091,-0.8576524792326818,-0.05887092942509506,-0.5441448849718079,0
-0.6608260357654148,-0.5828708890087683,1.7738830165460366,0.38580663654015124,0.7870462770917289,-0.048997163855194543,-0.5439065231828033,-0.1250757004132918,-0.5936873476173086,0
-0.46445639921849047,0.1833891338836291,1.26949835090949,0.15959992218071112,0.10443570446267134,0.5954777502268307,-0.14733602743587954,0.5156837336939342,0.4280421330752303,0
-0.05296320426256044,-0.06459510306154398,1.0300239986525992,0.6567873163172031,0.08842722516122661,-0.06786303110072164,-0.3730199470465555,-0.048639532999928514,0.07223769454484263,0
-0.48344350144435577,-0.5890823977230769,0.45009298314986285,0.065088012860132,0.4595640751277799,0.07898806021207899,-0.026339383073429035,-0.8802986637718652,0.7749915554755396,0
0.10401834432399282,0.24935988067313639,1.8304417057316718,0.1760936349974599,-0.23688273001895613,0.9455491204383245,0.2535721059290253,0.6044816071219627,0.5508077682381696,0
-2.9125981739944127,-0.96786451625942,2.315162596087123,1.281333422150391,2.0855192354691896,-1.6514084116814656,0.7232418712142328,2.437168305278069,3.108887642798024,1
-0.2816884129488759,0.5804301073933057,0.8968442157605678,-0.41432047211119916,0.4614951002809567,0.4061601380717803,-0.012318422299760629,-0.2321408552321603,0.2380554232134034,0
-1.5111922103885764,-2.866528818891959,1.9324212942745957,0.24203295530272395,-0.33373233874375174,-0.3022123059303449,-1.5008828457844843,2.815479986629385,2.741648246847647,1
-0.08392625883684954,-0.5242225747596123,1.7139369708936578,0.48952005693118356,0.010297593084013124,-0.6679499628554759,0.09715988727368025,-0.2529058919609037,-0.12347840539102914,0
-0.08425132034465854,-0.04600102540805606,1.7465671439756174,1.4663997456956035,-0.7051311493944296,0.2703497988703084,-0.07316833703947079,0.573150802746357,0.5975119130592328,0
0.801024327378673,-0.4037153903784425,0.48648472650754193,0.9272954974777823,-0.15822314919309285,0.14017849172981647,-0.22718071616994123,0.382576222776281,0.4054922481447466,0
-0.3794292181027875,-0.3508044327348482,0.5937240234626855,-0.8787398599844399,0.31127836086310917,-0.6393377655749837,-0.7435451419703,-0.4164959189962235,-0.20097420090601226,0
-0.5137820711629681,-1.1468810441512511,1.0073487201393725,-0.2777198430096111,0.29991279554693123,0.10588868308412919,-0.10893982431379032,-0.10701937407404248,-0.11198302836108971,0
-0.583886373821866,3.993612083132174,1.0147227867473727,0.6721508533041716,1.1400693769855759,-2.101075129087395,-0.039894923883596556,2.472474778210353,-1.2546367821076736,1
0.3752498132568072,-1.292913648217745,0.369584269086632,0.1853279999226658,0.11343432705962758,0.0656394198104144,-0.03461480264552025,-0.1385325974183999,-0.4154667539189424,0
1.0541216661671535,-2.68440878752158,-0.36222377471569833,-0.22239569832828632,0.7475869689556468,0.541383058385928,1.4331416024743127,0.8327590211412549,0.5351198927472328,1
-0.4475667177723285,-0.8776311402542134,2.0760804157038146,-0.5586325762951981,0.25078610931558243,0.6229087566337549,0.17702577763416644,0.005758359447427808,-0.8633932230808923,0
-0.7318602308294835,-0.10968265540174166,1.5081562334440095,-0.13983933378213287,-0.5625275900509594,0.37488931720924323,-0.23476343014004075,0.3342854883760307,-0.39860639729531044,0
-0.42176519623795417,-0.9675484729319136,1.733228276760345,0.30979548506990795,0.5190232323545945,-0.063316310153752,0.6629492819867947,0.42560060835232266,-1.2427787586507673,0
0.3876597112567717,-0.1850618120181572,0.5399577847050745,0.3501950970451378,0.019039058634196027,-0.13427278714767987,-0.21062143751863724,-0.46577758875787634,1.2144694470000328,0
-1.2371875258575593,0.5225911823989795,0.7551375731942752,-0.5888439389515235,-0.074281124027891,-0.7961309133827914,-0.3045965672242284,-0.039933272921243906,-1.3383012571538542,0
0.7770145247322876,-0.8861859604400109,0.3131151923166078,-0.5043292600780961,1.2119957204351168,-1.1517040582241982,0.5549508122670624,-0.37322534721529144,-0.5011843396392562,0
0.13860702925975762,-0.022235223037397445,0.2870057851816215,-0.3602907590160619,0.10344908955811277,0.27067740920155875,-0.3379417208026879,-0.06869899168747165,-0.3106273464158735,0
-0.10312227289935566,-2.1027022867321845,-0.300336878356198,1.2554869575731529,-1.4645566006413069,-1.0789195262607567,1.9858662781418315,1.1417317122834523,-0.5417462534667528,1
-0.5313575810738307,0.1116526719270291,1.6043032054553792,0.23780252517746292,0.758136315041295,0.1380874987967014,0.12793422322857648,-0.08346099934456452,-0.8270808541947141,0
0.7725348379227267,0.48967125741273143,0.04168173573196332,-0.05439146345246071,0.01931030105159498,-0.4849513016738932,0.2765823449341154,-0.5668059592521052,-1.3252195558587854,0
0.05412876062929586,-0.04953874050872836,0.954704063025587,1.218555495167906,0.18895693398758318,0.6596349667478523,0.5839559157314318,-0.2101350761965966,0.5127827805213817,0
0.46629577619628315,0.5186238690163644,0.8481806712463258,-0.9876278478347411,-0.2784875908496667,-0.18889375088243696,-0.13933523793265626,0.11202085190057612,-0.12833765348623197,0
0.059307191086599625,-0.18191444447827576,1.1143413754446658,-0.3530893291210935,-0.6179184358302817,-0.18895222009464127,0.7108175225482928,-0.5952547514968987,0.05027734407729241,0
-0.03552349879139438,0.7271115541743309,0.9255636462830508,-0.14080553471964063,-0.42557325479920816,0.7920134994845562,-0.18548030061657728,-0.6110162576530612,-0.7893453507067877,0
0.3496171318277289,0.7873351665072357,1.8075200492201362,-0.9121202173179336,0.4502186879139719,-0.709026784746867,0.27274178589901954,0.03250058392109827,-0.3844585395012696,0
2.5520426201336166,2.3872243878242054,-4.395855718000223,0.7393896981858424,-0.9543271072183983,-2.5605235586599684,-1.612434160515721,-0.5874558948890347,2.917526439555015,1
0.21125506042122463,-0.19151401348263183,-0.5384061673581382,0.17368406889547414,-0.039813555349559465,-0.1824059568247289,0.32683588233367733,0.33904988900722344,0.3589227095396121,0
0.01590580853974448,0.37570106241018597,1.3412330926801086,-0.32066334708528654,0.043670592414866816,-0.5840214623841391,0.7390729628888522,0.64459502745504,0.08481832703499742,0
0.15094523568947338,-0.19489068162060777,1.625043171779677,0.5596374468419745,0.33979034220734516,1.0239513425834743,0.3010840405630615,0.29607059663628316,0.22743663004194503,0
-0.09165005982058755,-0.3426413061379241,1.6606525820057676,0.4199131185231745,-0.2385864199315111,-1.247028756728608,-0.48447916692145365,-0.9549908636834598,-0.6947424824416881,0
-0.5175815877885471,-0.26357021755926824,1.472894854125097,0.3908198400217488,0.010628139749730592,-0.09377432048016804,0.5814966545320999,-1.1491417468834688,0.11385214440680992,0
-1.0874858721987284,0.5886496631917231,0.5748225625866101,-0.06320812671861147,0.4617575008241078,-0.49020490419906104,0.6319589615497281,0.020401729353850095,0.043971463876317646,0
0.7279575306606758,0.25317744255028396,0.9683475596485543,-0.0950080333576812,-0.03754350700790958,-0.3283008899282879,-0.33506210133630177,0.06474817324894577,-0.03443313742078524,0
-0.9659850132048566,0.1672269835384526,0.4468496190123368,0.15304187519014817,0.8692947351803049,0.40725536037158916,0.6392904064547295,-0.09851779477070793,-0.006704008794022109,0
-0.11893148120689262,0.4241359402608706,0.6410963688581178,-0.30448778178392544,-0.2708802541842962,-0.33073577872167176,-0.2540152544648753,0.16581444392967132,0.048715905843757235,0
0.1991809624872721,-0.2925939912124905,0.8905507102692193,0.28825818080601306,-0.08775994594529164,0.7330108499060467,0.2695692741683394,0.24691085249239692,0.27519656136364545,0
-0.029223788113907575,0.3630530554140896,2.1254438610729647,-0.7777705732542212,0.00753036662344847,0.5947555437990693,-0.8348454024542948,-0.3507021793153268,-0.4429583119476812,0
0.7502337733618728,-0.34801676556714356,0.7466872212455912,-0.23196025411030194,0.36596825646813286,0.49202675035023846,0.4286275008386504,0.20448599572207626,0.7210695709251289,0
-0.10708163347453749,0.807346474679144,0.5384938648713175,-0.8911865883880976,-0.6513863789492935,-1.1040279394549541,0.13997831006617528,0.06299547638896913,0.8245287986723041,0
-0.560894355886878,0.5521584092059867,0.9063024829908352,0.20474425312891392,0.545753604722786,-0.3300947503771323,1.2880350134465852,0.8318089371829333,-0.5226832252288494,0
-0.558647064945247,0.29961292506915177,1.3008003592415507,0.9817873126839006,-0.39261888679179735,0.17345306688436618,-0.9993283882826288,0.10199536126673571,-0.4845386036374301,0
0.6013477668069305,-0.9272001556083401,1.6018638892581074,-0.36944033679834004,-0.8405229265651514,-0.8617907318863601,0.01761063025252256,-0.48699770826053396,-0.8307307767517824,0
0.3154536462853983,0.3528847073918824,0.971375873170856,-0.0700018263324432,1.0011475510572945,0.20639702073255217,0.09904670430968404,-0.14401672993480802,-0.21674498394553943,0
0.3267551659240945,0.04546604149402145,0.2510152501240204,0.050362566564370576,-1.0481324881592824,-0.8720130710359933,0.4200322681059911,-0.04244626361050308,-0.10612333183626371,0
2.8247036716407186,-0.19078295661228445,0.7817535859599267,0.28573152242861183,-1.7552717175194599,0.5864515010324093,-2.4135988181911974,-0.8568788285008174,-2.906911030575011,1
0.12995826075077255,0.013765160617691067,1.8325849524083744,0.21827712133713614,0.2906257056990324,0.06256243674928472,0.5781655144240181,-0.09083859225401814,0.03405238194217025,0
-0.24567803407007144,1.1710893219102085,0.9587242531835993,0.02006375688604619,0.018590074514214627,0.25485114861077346,-0.0967496576227048,-0.7893017315024586,-0.4465863262940025,0
0.5677782593554349,0.87518653394601,0.8081960019346659,-0.04584351142560203,0.144560182162644,0.2512771974689319,0.550983131430439,0.06835796246858922,0.9032768277754113,0
0.7488894752683998,0.03566404298473652,1.222128653899619,0.8639875286152666,-0.014917910472098728,0.4490706371753673,-0.15900915641533095,-0.0061774260371200915,0.06737124589180693,0
2.9798441149419097,-2.5373264322335696,1.5418722130265647,-1.2162412714088222,0.6507430307397953,1.4502231052725247,-0.8973177720381631,3.304000903473844,3.284201555933339,1
1.1634992294186788,0.6887357369906699,0.26615828883795734,-0.42507896458796424,0.5393757193419955,0.26881359783613407,0.5215331093063229,-0.1753414814513452,-0.36680672211382603,0
0.7223663591211164,-0.1754543049188178,0.5837710673682515,0.662135671954206,-0.8618817012333803,-1.837180064093367,0.24795528199393643,0.495154708064862,-0.21676848379087277,0
-0.9377172526889257,-0.5860100894869594,1.0429156672700284,0.22144664138010545,0.5029838607353834,-0.48924361923325127,0.38015168237151525,0.3430930386110272,0.046733731934011535,0
0.45447219200999417,0.17194550703452538,0.8636737293140557,0.3190100923359404,0.2962622058108738,-0.2544452425528596,-0.8730077581247287,0.2449471101981616,1.1616453654696066,0
0.11791944970620644,-0.2235799863743675,0.3194332127516072,0.054378660723090305,-0.5528566475655718,-0.7250064939232311,-0.41182654394290696,-0.7314616695263784,0.7510395321550101,0
-0.11877224932607067,-0.3773642822542722,-0.21265066006081146,-0.8427123406437211,-0.24449496003561805,-0.5640095221070358,0.015877528020826148,-0.6610731840190007,-0.2957047390938858,0
0.2703055690305156,-0.6454653815601824,0.9145567280521111,-0.6192381464442774,-0.5472474642220548,0.10981339463184092,0.4529142405697592,0.3808037009909087,0.6430548324403698,0
0.08388766802875736,0.08768374893536901,0.2808987261853131,-0.5928426010728037,0.01161054566083261,-0.5940988052131346,0.5484409976543629,-0.5915397586352762,0.2563208607618765,0
-0.6934615797189757,-0.6992739515408573,0.5540533932347218,-0.37416213053485603,0.04598360283044062,-0.26006316326826484,0.9380567195019125,-0.455544154397835,0.32497787644410475,0
1.9248797710030778,0.8041409097568354,-0.09297825873828164,-2.2011922038168934,2.4440514313018604,-1.423684733927652,2.5191351551525907,0.8563707370529443,-2.930379993745306,1
0.3130380804184923,-1.6980161248269277,1.066099004571742,-0.32944450096027517,-0.18957674893715654,-0.6634418136454554,0.3613393068030607,-0.9505084724472457,-0.12092181668090521,0
0.5272408893216822,-1.1985501738132829,1.8465354007497305,-0.14986130612454873,0.29216768342706373,-0.6355965602303129,0.5302929959283097,0.2811068075413956,0.3636906970783089,0
-0.33018422209630816,-0.8475341391156512,0.5411596991884808,0.41440619652906874,0.06774808042903664,-0.9205510454921888,-0.5482244153770027,0.550481993202673,0.2942514226799396,0
-1.1108724651018393,-0.5170558673028192,0.41616039581358055,-1.146337902559885,-0.028224760777241988,1.0181848289158644,-0.9399002541082278,-0.022216445068906243,-0.0727704134843683,0
0.7067937011854946,0.31732331115244494,0.39364652530900734,-0.48275273119916445,-0.39519215323500645,0.4733747886951207,0.6406063776791247,-0.4747577194299052,-0.1673139804130872,0
-0.07193068248725809,0.013612171018203362,1.1122638010872745,0.14090179973430997,-0.45407348339667153,-0.20719607688959252,-0.3788934981552776,0.7710250569175008,0.007123172335480085,0
-0.5354735955389271,-0.4530027432655841,1.1038335460094146,0.31391821004842674,-0.04994637396418375,-0.38593820040559657,-0.5755353060921555,-0.3372385848189875,-0.7871956068606746,0
0.9274411174382406,5.425279105019949,3.738172805323383,1.7019983553338638,0.841237949529329,1.0839688848996687,-4.499509664915291,1.3202300427910605,-1.9726744969865682,1
-0.6140036695365394,0.009574323214053326,1.1916016980618975,0.24889131551507782,0.15892058248036955,0.26176968466503936,0.017300982967639267,0.013669734530528738,-0.16804680544009737,0
-1.9135352439564992,-2.421580685694205,-4.163385726656822,0.2353305925897564,-1.8642125938895093,-0.6537521427300774,-0.6866035814903777,-0.8123158384688324,-0.14673567061081086,1
0.2863199486831553,-0.43697255693779624,1.0289331610189252,0.5445269387531724,0.2260129856796337,-0.28829618928932693,-0.4425028799045117,0.08019432062576853,0.2981628839996503,0
-0.14310984700638213,0.29764099098624885,1.4087006701756077,-0.06533521961277541,0.41949161451003414,0.3723690594946732,-0.2963248990971205,-0.18501026883090488,-0.10444719353738499,0
-2.4713200673096964,-1.7070881868551826,-0.45668475289832283,-1.5896055956264887,2.550512538253265,2.11204836322868,-0.8068786624487487,-0.8227801932104009,-4.236810247932401,1
-0.6270491956794908,-0.6793656958657236,0.8451121110787465,0.7007526106864146,0.6816289966187887,-0.039956280037622055,0.761261304472894,0.011485567114222182,-0.14764326933421112,0
0.436725763678912,-0.07620146213100618,1.1443768212725143,-0.1231241926565238,-0.5937112969933134,-1.083095253059601,0.05678136878689739,-1.5624252211807825,0.047947391755402524,0
-0.01882933829010891,0.07087620932619088,1.2045730238789387,0.6990002554514343,-0.6368569101372232,0.07489113629797517,0.40170005408905,0.057520471001272645,-0.8924018878619808,0
1.341477106362791,-3.867017212158735,0.17383646285187104,-1.2936005991946515,2.6967663480739827,-1.9381642381900335,-0.8981801792242899,-2.9671429513090337,4.775564899022721,1
-0.2513081233960204,0.07302601163209532,1.5257635318034162,0.23874886250947774,-0.7253909853386986,0.15510299297454302,0.9223493582039941,0.2551852641615082,0.18803359596213348,0
0.2073686088907619,0.3178455553320551,0.11308695583142725,-0.5667402979163437,0.5796265412870822,0.2628890199037361,-0.0002668143665348621,0.1758954391211126,-0.057219796400343956,0
0.19977285079739365,0.2688548498270912,1.0688944789827999,0.2218022145693756,-0.6481394711862433,0.2314422816151487,0.2819799552349877,-0.7448033442721052,-0.13355098417208108,0
0.010396505626285198,0.19879547407248868,1.148197962793125,-0.8426554148033936,0.13511539367008932,-0.939902754088374,0.10285397265429273,-0.1537752799408888,-0.12999135117482702,0
-0.012865616539035507,-0.5048051197295322,0.9942307360570555,-0.039782193835216195,0.6563280747298551,1.197896363213093,0.8794303245507383,-0.7493338910433335,-0.6016545737560973,0
-0.5322054352843065,0.36793847283588965,0.8039673186429916,1.5343625480415848,-0.31832150220453087,-0.4860290276466327,0.6075210376753309,-0.3466998213759438,0.16539633789039693,0
-0.28058252311131726,-1.40663552450048,1.273353353269246,0.512961485569609,-1.211406031009894,1.628541804780353,4.060984639205196,0.7151461787529754,2.103601944380834,1
-0.025311603128355842,0.3235043746971743,0.5630290668237495,-0.749874870871906,-0.4258931453067103,0.5425571337368446,-1.3280141945060326,0.13307991287208382,-0.4988257447125531,0
0.2772260455255665,-3.6414874828592514,-2.4941483668381217,0.5269690208664309,-0.02401816859950817,-1.2715694151034906,-1.4506777933133415,0.8319591998883207,-0.9247689407206106,1
-0.7622971717312437,0.4045724683714717,0.6211119878528403,-0.08051527728408821,0.17116034033532915,0.23035264063692362,0.45427020415355257,0.02181756650108656,-0.3526309688182343,0
-0.4608081427958211,0.5418362202258289,1.5265891032192314,0.1974179984466089,0.46889821040464325,0.8233245458920366,0.6853124649578469,-0.11591582481167705,0.48237985749568313,0
0.6433217962604694,0.31128801226795283,1.007026041237074,0.09054885034395799,0.3812262701235419,0.23859242606236325,-0.03197117977089939,0.07189439984954206,-0.4862260159717375,0
1.4851039373191588,-0.008107121737350315,0.9916933757191179,-0.13832612851062304,0.5159413243667762,-0.13276584532096092,-0.44850776436721645,-0.7521344616779899,-0.6247269843297513,0
-1.0293150255861518,-0.9388370311155794,1.4018346958824301,-0.06982426467461897,0.03360397715262439,-0.5096256892935563,-0.40127671865824543,-1.0073106986254856,-0.40075689151473404,0
1.1124645851610593,0.7179327162657585,1.1214406685032703,0.04770147373612005,-0.30349765076086127,-0.5860955454362772,0.9656822988887559,-0.3865066568591279,-0.14659382215560193,0
0.09090945297594571,-1.036008425955266,1.270875318480275,0.20348557731550349,0.15276117033608744,0.1762933711813064,-0.35822959795219417,0.9777617215745633,0.0282913057259922,0
0.14320290849705175,0.8900922428192335,1.5987854733044489,0.03972391659036312,-0.2747606557083958,1.3305789778936803,-0.38333719036755,-0.4960680034716532,0.3198322160497396,0
-0.17249653836638362,0.4056493912634231,0.9993001378152342,-0.4638787067556332,0.49548437015561386,0.5051876013674159,0.30905146926226046,-0.22418091356500763,-0.0993173755325802,0
-0.3816714785739198,0.09270386687807552,1.1790823443722354,-0.0269688768499258,0.4100444237916474,-0.5602061711400076,-0.18260774939075555,-0.36051821565991315,0.32379239397802334,0
0.24208797575646374,0.4047699350749664,0.24845382951250383,0.0938063148335725,-0.1646056802472072,-0.6478272118082498,-1.0911836629114784,0.6201337858105085,-1.2611816550507942,0
0.140817526466496,-0.5658150120343809,1.6415601334272725,-0.5280964950348199,0.07899084017772251,-0.17819497502202447,0.004045750591356867,0.20471179137714507,0.32693374450639356,0
0.2083869674614554,-0.8568295348546352,1.0907897306739658,0.5198298546442217,-0.06329008899294394,-0.4492504277174397,-0.9121340793465065,-0.755229255265787,-0.37305764284599385,0
-3.118554840236554,-3.895511731385821,-1.3197451601664576,1.2178059463570798,-0.18360225780456518,-0.9702814741077735,-1.7102913310627836,-0.34096185165873777,5.172270044394304,1
0.7795674246593635,-0.021075741273646392,0.6297566981663925,-0.06094838318704887,0.29023977512714183,-0.1684924904029665,0.013866240954319708,0.24686047500905373,-0.05959507554048693,0
-0.5030355116606441,-0.14998176978596672,1.1959723286485169,-0.4612910237149987,0.4456820204001831,-0.19866070705947744,-0.7530567865655402,-0.06432870122189396,-0.4498943992177235,0
1.9740643599038388,-2.0114748804711162,-2.0871563386147822,-0.8556357518112518,1.835719379235797,-1.4825193287762626,-1.4004084335863134,-0.6752974313417378,2.2364779792805756,1
-0.4706558544725104,0.3904776056428003,0.9443060194172318,-0.06378456534223972,0.4558329157545464,0.3661644045887779,-0.33073958867171527,0.32766276164716834,-1.1541892486836147,0
-4.3335247569661135,-3.0518237097009324,0.24847204711089607,0.38179701593644044,-0.9944130305971157,-0.6408337313090691,2.793312933661364,-0.4128719742727403,2.599894446392487,1
0.34432485847171584,0.17974179740584106,0.8711072268111585,0.3474297959788065,0.029745158240812725,1.0414217671387878,-0.22068684287971335,-0.03489155406170949,-0.5354434866148412,0
0.06783721624406056,-0.13702018416938783,2.1150648703224406,-1.6484629594943592,-0.47243757425977195,-0.9117664088422769,-0.5152631285148281,0.8121587805619346,0.05035405134154608,0
0.046426432774985926,-0.5466713782722783,1.451495735856466,-0.7072296126399813,0.5032357960875729,-0.026941158284268907,-0.4821461184190437,0.0109051453282063,-0.0410609130511887,0
0.1318383940416199,-0.5290374737735741,1.0684380958237845,0.46804152852003345,0.02227208640059153,0.9700464866057832,-0.46467780749744614,0.05080122646133581,0.7921604341201388,0
-0.03043195414837596,0.46930924784510336,1.7142008788599874,-0.2244778012371264,-0.45324880062428685,-0.7241497351877577,0.6639934430404678,0.8176091368255565,0.3463621337617565,0
0.5314469682103665,0.24660615829111315,0.818655105428567,-0.5874397764336978,0.5781642725980105,1.0909984391669652,-0.1524260965716283,-0.5995147102947943,0.13346866181043904,0
0.7176027045638648,-0.5125282490227602,0.6618364661720478,-0.3476462610549039,0.28340697150883065,-0.6255584453663766,0.0886690452157664,0.019436463904550935,-0.3712189651292775,0
0.1045224246995301,-0.9440751973001853,0.8470881484188688,0.3483697601774366,-0.624889348714341,-1.228471194015095,-1.3835641373536829,0.6097421172441249,-0.3396750216962671,0
-0.17729242718882593,0.6793342474428594,0.7541048638425791,0.11785940066143347,0.035481817521397105,-0.38612390046302136,0.03346061907063279,0.662206539073767,0.5099335202502024,0
1.062291325484587,1.9751224712587194,-0.24548864230659317,-0.2396589615306993,-1.426799962904499,-0.686105046146976,-3.2555529352207118,-1.3153493719522764,-2.001969238652352,1
-5.055719786233332,-2.4113198850758994,-2.069160668816146,-2.748368881204808,-1.5433723697108102,1.329272927722641,-0.831567524821845,-0.4427034449905224,-4.841538277558027,1
-0.6865619181426394,-2.2146235789808433,-0.09840476796406389,-2.8421534384297225,-0.27331981050350473,0.15478164354530852,-2.0498296041137523,2.2597187982104443,0.05001676401448045,1
1.8136417348563245,-0.47651039280331836,-0.7848049029408577,-0.4445826376336297,-1.3106671543172927,1.0954460756247608,-1.5269140645547894,-2.1140913265184773,1.7448277976892688,1
0.7001768837112016,-0.4057494856960933,1.0043692151312638,-0.5166218626057143,-0.8848694988944557,1.013586741379942,0.510001049834212,0.21647994233811696,-0.9531672213246141,0
-0.5649454362183537,-0.5443889368548441,-0.04812750444315228,0.760440507448138,0.6258523400029652,0.8130068691684202,-0.3925552335528626,0.09322420437139367,0.02561872426874845,0
0.23439109955221846,-0.4205921684882767,-0.008645784403868317,0.5707058880785179,-0.377628827919409,-0.41788366063393184,-0.35523033754280664,-0.04060162578981538,0.34068626719514394,0
-0.3263153063129358,0.9009377660357096,0.8781750807617977,0.5909073581165506,0.4254924581227568,0.06271298644405898,-0.3562091115949711,0.3791562146326305,-0.18317378563894152,0
-0.5305842183750248,-0.20492581752916417,1.2101409844229813,-0.24934438883123336,0.036399218201552966,0.4479738113247437,0.16951011998115964,-0.2666480969533546,0.7467607753471546,0
0.16205006543341308,0.1654240163103517,-0.28284888575043077,0.2744122767671719,0.41970811920964846,1.0738382034376648,-0.4447612798885445,0.36645116153369633,0.44530939937751884,0
-1.0648956537581216,0.5379511280837592,1.3252022396638623,-0.32202839740018974,-0.5087291201447547,0.5070537936078459,-0.18758862847246607,0.10348731140931486,0.11576142519563265,0
0.932897263133812,0.5873046940260831,1.1522080176218508,-0.24647795442524137,-0.27951870115008354,0.8085452384332431,-0.354036937319642,0.41203039990544754,-0.19645382678433432,0
-0.45399824678537737,0.06985614919418429,1.0956660653572332,-0.6237646028861932,0.7580313225434956,-0.09263927343368517,0.49188093407607364,0.5080114452444289,-1.1472270126965585,0
-0.38998215217356713,-0.33427368077562736,0.6355029040884925,1.0327557489532295,-0.29013556262830215,0.46329877782162837,-0.10526588184597019,0.4385178426200319,-0.3875593436968407,0
0.21678425924875827,-0.8676040116200039,1.5755565364852178,-0.27941814519880137,0.8334114464134728,-0.6615841005081093,-0.1280642168652222,-0.02060910533542079,-0.5236932789076076,0
1.0916851026100673,-2.0487746906726025,9.034649922677398,2.0469928598973195,1.4148493687996015,-0.8747103590240599,-0.588192695013243,-1.0297240637595169,2.522721128049177,1
-0.17550921672592004,0.5611001227142822,1.0232693475140924,-0.37622148225074753,-0.8448660410011188,0.42158785136315235,-0.14021383713603958,-0.051536940346882984,-0.3482453821647263,0
0.3590920008841139,1.068415480957852,0.29019159304966524,-0.5121291514482623,0.7949503898295436,0.023958535402841652,-0.13132343183185624,0.6375444366361295,-0.047811594732439566,0
0.051439947448156845,0.3213303834965287,1.23722514413404,-0.02481465101397229,0.9938487073441495,0.07864781524934268,-0.1685624861957566,-1.0624978567532797,-0.035369598487860206,0
2.8819996362759985,-0.8903700180750116,0.9792063769405086,0.32396175657426846,1.9680330164284445,2.2378291929806156,-1.119810170240153,1.339931125583828,0.3648004942365345,1
-0.2589702669430428,0.18276991344107593,0.44617594425615403,-0.8807394483389988,-0.2792312532522335,-0.9701066526627823,-1.0945238296425168,0.8705190117451469,0.38184768620729254,0
0.4085082102631387,-0.1871074426863929,0.6638743728724364,-0.2194009461115875,-0.2670073769591358,-0.649602251462176,-0.3442743442799229,-0.12933826049909902,-0.065049753482542,0
-0.17240643644046563,-0.43460692200664547,0.6998562202573545,0.1315976599347945,0.2959268989892976,0.42995899868598747,0.4497392555118758,-0.11574718572190035,-0.025600719700343555,0
0.46479972841602735,0.4714102811388786,1.552967096467871,-0.4334763840691973,0.41406783741791886,-0.5477443000604876,0.26370001383929687,0.02175503187633853,-0.7979092639579194,0
1.238380580963666,0.7780471180594868,-1.8445921689158862,0.3158063910535145,1.4296747097296838,-1.3306394045833108,-0.3305497446611342,0.326819520998714,-0.57786047283242,1
0.645118667055778,-0.24727090876962018,1.308395233567529,-0.08976326343432817,-0.3880748113048647,-0.5637232503968712,-0.8233688753465506,0.7781648316450481,0.22655822887552654,0
-1.698278921938566,-1.2992922317021556,-4.721487341130927,2.2992804119336943,0.41686850040915463,-2.2237280000199364,3.1357751305874664,-1.5634760926412787,1.4296604066764989,1
0.07173407273891474,0.6028011413316593,1.4089399735257098,-1.0268973136798711,-0.34820884592231377,0.3154597919977885,0.7356491535943179,-0.5634445941346412,-0.7107734656933701,0
-0.7046496367086935,0.41158257890080824,0.42936450023236844,-0.09171700766834698,0.4296697958903488,0.0013905973356031914,0.13813025685207508,0.22101657111514086,-0.23246216693887697,0
-0.2599015936101589,-0.02749586082944902,1.7232750118430236,-0.6061673411642301,-1.456440934337638,0.3483730399263617,0.46332081420239385,-0.0036700453104148018,-0.039809944960730675,0
-0.1982246347516204,-0.03770451879822889,0.9869812948086041,0.1591076494040973,1.4252489315198849,-0.6327433772751292,0.11247523913946803,-0.43373155566799954,0.6539516697835877,0
-1.9476503127932698,-0.3446787821328127,0.17817841092117614,0.25076174190502715,-0.29149277639689564,0.13075393198452195,0.10894626884148138,-0.22204099862774795,0.5331056254526685,0
0.2894898560641272,-0.07253899973577847,1.9580518622451986,-0.012243089087923265,-0.24370607929805527,0.23459661679389424,0.27137096711739,-0.3443059293931093,-0.9781189166749722,0
0.043251105138879906,0.10496160986211123,1.6358527725395984,0.35897489316367137,-0.411060567897459,0.7061545217665673,0.6842125558351982,-0.8038738040510645,-1.0068510345229333,0
-0.08842393458411509,-0.3087873322495704,1.0102114108193925,-0.1965189717645162,-0.09091415804874962,0.4715177596573787,0.7304682729736504,-0.14262840976174213,0.6293851486949515,0
0.7546753569119256,0.9725536279304208,2.006672345419921,0.8457005247325072,-0.38143647737410213,-0.3811937572280876,-0.08788501973311005,-0.5197493359550931,-0.255061257656114,0
-0.06957474749230072,0.15859650328501412,0.8825453937692421,0.5122081507557378,0.8356563114896932,0.3770696030630163,0.6500081552622751,0.28031054151596413,-0.7378080747668249,0
-1.0364708819327675,0.5423889816963976,1.182889813251047,-0.36711417721709194,-0.08818870536471231,0.1922887165152251,0.1791862441124425,0.7484696729166685,0.6838871742741759,0
-0.6401226355200403,0.5312648298975278,1.2214234948956455,0.14190305457509161,-0.3657383789404771,-0.9089018374906154,-0.0813023615345668,-0.40880222445960956,0.42488558690095835,0
0.012406250774027294,0.8714895497756914,1.7174624974738775,-0.44041935888851935,-0.2907576775894683,0.07053614675337425,0.18597191345388875,0.30740147669766105,0.5253346457459104,0
0.5021046555783658,-0.13214373904027654,1.6676451546916466,-0.779878694473901,0.2267476098920327,0.12319128950598209,0.2967966738871476,-0.4690433913465714,-0.7939520431078138,0
-0.24108952452550492,1.3535430929617613,0.44977809079172626,0.7647318875854031,0.9728681526341294,0.21325136470700579,-0.2623584989249338,0.531883097585343,0.21100133685556627,0
0.18474358107390065,-0.7355362414233324,1.4142717731674295,0.18527798418343577,-0.22510843426986032,-0.041429448593988366,0.5482576216034616,-0.3016768073186733,0.04935142800627343,0
-0.06141546047242069,-0.10095909502405614,2.2360967860398206,-0.2014469175439117,0.6359019742471017,1.1315682219898082,-0.14761231601856895,0.19983804271407749,-0.07679670026051147,0
-0.702247092143618,-1.0089494929831349,1.2483426955087975,-0.15939115830431821,0.8777111378536222,-0.26069460043091386,0.9384875019143252,-0.40157594843328603,0.9736318187695432,0
4.410389994883817,3.3589261750909394,-7.994784928285096,2.023601563898312,0.73587867715399,-1.1346868413785864,-2.184047879098609,-1.5470577118500268,-0.8897840593928195,1
0.47157788062529715,1.023045192201017,0.9670780976229412,0.05698264360362983,0.25745627312285924,0.32570767551460245,0.13183749051867805,0.5952031486981113,0.48814177947560866,0
-1.2511217135047394,0.2765424595555685,0.32478883352758026,0.43287456606087005,0.27117282044307167,0.29108227111018015,0.19775490654441277,0.38105852386492467,-0.3532960653899242,0
0.5292023501955043,0.20519133356026775,1.6803811386666354,-0.40124118779889206,-0.14671613781456622,-0.300111081131777,-0.9043572819918895,-0.16675102957227297,-0.11096571551869634,0
-1.7429639517990407,1.4797568085479873,0.7117598425361975,-1.4077632154581976,-3.465228661561862,0.11311860263171286,-1.030514361383793,1.367976833903565,0.626322617929471,1
1.6243081919952411,1.4855303898803323,4.1118842815015295,-0.1972352310865571,-1.5696449280248799,-1.8423837899620354,-4.146248857813606,-0.015043861442978868,-1.0113463314407636,1
-0.865539653505067,0.34882617099045005,0.5419422903331572,-0.4714655012423069,-0.6034402558793239,-0.39466932709713687,-0.23309507562572415,0.685095777751313,0.15874511863101023,0
1.2495869578909549,-0.5879691287648328,0.26848378460017464,0.10348967306678047,0.9985395059549822,0.3513110954031875,1.7839593954276407,0.21931877559827279,0.1852448441099412,0
-0.8923298698651921,-0.36853449395361937,0.8261391404352266,-0.421093338085611,-0.2592653781900609,0.049057311596310986,0.11714843708944998,1.1137835824898827,-0.25342440097239716,0
-3.447048305590351,-1.9425214926235534,6.732080842321,0.6251634516430861,1.359714082691043,-1.2810504415040778,-0.9582297167943086,-0.11389137533816343,-0.6956304665590936,1
-0.9607895800625907,0.8904306798839887,1.7070018484446685,0.6277372691996085,0.7176117601262637,-0.1608582478701393,-0.8352605123125414,1.1801753681296752,-0.5309183577031301,0
-0.015562980023805628,0.7171984235380542,1.1328301271024,-0.12054145873574629,-0.29979712595279473,-0.10143967080808736,0.9504871660854983,-0.25504094767623364,-0.034110116504084353,0
0.646427794973636,0.46476789853214845,4.284793748518349,0.2130205577817708,0.5202203576055583,1.079356683318904,0.8297422977407893,-0.7171202047808338,-0.8596424946836088,1
0.06489946699564576,-0.17308414743878198,0.903161461042337,-0.8584113732703265,-0.10431869981954861,0.09305759318097592,0.6499873737561939,-0.08333481110893692,-0.13569191748118747,0
-0.4613681116512852,-0.6532888549132849,0.6201061783600456,0.9685513858321806,0.3873312326944074,-0.5959241706161172,-0.549684854778006,-0.44241654876716774,-1.106311912594594,0
3.2339193468117546,-3.5237192660250947,-2.9554878667546896,1.5719938515729575,2.946548511962745,1.5739765165360873,0.15887809455332047,-3.4211188908091006,-0.030854663759206785,1
-0.8533596908793443,-0.4649692413603972,0.03722386769056202,-0.384189468463176,0.21479762541374658,-0.43133248212961167,-0.06525041384907083,-0.32310250800257645,0.3705735099403483,0
1.159503876331921,-0.281291005838172,1.4066378460510203,0.21126788522232842,0.638356742596913,-0.2977374932689453,0.7281548006335592,0.46782114049030404,0.18443442682956407,0
0.48198427342053507,-0.9919306037028615,0.6793827953078808,-0.011934056614115895,-0.3392326428823727,-0.023989752948442966,0.0735986540994091,0.2999706326281454,0.4166565386070392,0
-0.1084810780066793,-0.14927656100807826,1.3451710216852089,-0.39812513127364824,0.07156770229100637,0.01818097788332816,-0.4149797519898841,-0.8172538006102128,0.7726575538085785,0
-0.9821820970275721,-0.3097922960970928,1.7294748433938096,-0.2197304460634576,1.0289127877457318,-0.048549158893304786,0.4758092032315759,0.334420282610209,-0.025830860086861626,0
0.05511931538501475,0.9607281420930777,1.5415285465088053,0.9164460860680541,0.2560465507565167,-0.060177509796529804,-0.1601410872520798,-0.6971011312053651,0.3265965972597337,0
-0.40279406485122826,-1.490327693787672,2.260895060031011,-0.2774012170037198,-0.4187751548354004,0.80834763274811,-0.6401462456690293,0.5667900113316535,-0.010666176266198313,0
-0.9517356792371565,1.376629970344754,1.6177814069514656,0.4608881967794842,0.32126326841411695,0.35439382356487364,-0.6299228939623253,-0.20948153683926907,-0.5455425213738025,0
-0.8515363823197626,-0.10632152430940639,1.2388164508951913,-0.23519028888074178,-0.3067008638958833,-0.23427143705407244,0.04687987996220644,0.5743833181463076,0.30616425118997703,0
-0.11987767155344503,-0.030062353936437247,0.7683579836432234,0.6700269282822302,0.367244202065226,-0.1698437684957294,0.06453169354521762,0.9660023796223387,-0.1771701794969044,0
0.9455989942752114,0.13972603642775622,0.6648777579813284,0.7962551407988376,0.23498288320765934,-0.41989354450437094,-0.638927283647699,-0.8282590085193289,0.12537671562187688,0
-0.23290230131745293,-0.30027058125494965,1.960208968531533,-3.2168536500509397,-2.78465119869179,-0.10710606604445413,-2.089109089436482,1.0668877169300062,-4.45817623310827,1
-1.1731898133218894,0.546078975113607,1.2515743002013124,-0.5234523018697541,-0.04275997378440187,-0.6922984467703126,-1.4363171186771457,1.7406662225580591,-0.15898015369236074,0
-1.3561148419471591,0.06359432807490151,-0.5430444909318501,3.5352776534663386,1.630582789354086,-1.0085159194860582,-1.5127384219522095,0.8272752598782495,3.4734693466483133,1
0.5506111145504045,0.4271763398397659,0.2720977622011844,-0.8345446836273981,-0.34015875235008225,0.4893865892714451,-0.4247777965612157,-0.15298052814736102,-0.16320664542400415,0
-0.4014145105504307,0.4265218962318231,0.7753114743363377,0.7682695479148658,-0.4363169306281883,0.6175327958424518,-0.5220015326705721,-0.09528470995600652,0.016648073913105604,0
-0.06566738402467158,0.5247857361192624,1.1966488401989688,0.1831246659163176,0.4619509371038658,-0.2953509638266143,0.0895797044760743,-0.26006757053319746,-1.0072858440424906,0
0.2111479769401193,0.4951731961214347,1.0230760844309272,0.5864055450617154,0.7427832603838085,0.2923916342193838,0.08292617389017581,0.41177057024082087,0.6615687871287257,0
3.77125659219887,-1.0175808478428128,-0.7580942579714576,-1.8653381435301906,1.1058716141778389,2.7785300006627716,1.484996476735932,-1.6725846141625924,-2.768619793618963,1
-0.357147311700201,0.533452209862257,1.2179186982589039,0.13712849112381983,-0.10869569365264442,-0.4083272651153886,0.9895420481555968,0.17496018927847984,0.2513313444358911,0
0.43249245515089874,-1.097459460108911,0.35941945355212374,-0.952816929434077,0.18060355078972357,-0.23071715325298947,-0.12611727102508075,-0.6115045922949095,0.042526573948265034,0
-0.4777308449872662,1.1216862685016016,0.464251482289361,-0.12903946570811473,0.567677486909482,0.11228684791150143,0.04599099397270012,-0.6211815873409554,0.22490957747411122,0
-0.0007856164115443709,1.1213363291322394,0.5865007089598799,1.5532885721993779,-0.06970172888298365,-0.8641319752620532,-0.732054767292162,0.4686150913300426,0.3731528597834081,0
-2.507934657536258,1.573027928189899,-1.9321144581517569,1.043406002302846,-0.09743142227330098,3.9749607579147668,1.302523703935976,-1.1926382450159407,-3.1665699721048983,1
1.0348136181770713,-0.10721949978090495,0.7145593807288918,-0.08065734234720363,-0.5322816266814769,-0.22322153127277655,-0.048403468396154364,-0.06212898639842773,0.2035370174782872,0
-0.7920515165094393,-0.0037764443537232836,1.418903607945441,-0.2803206421145079,-0.2038831177238312,-0.6324125901278383,-0.5734768269475647,0.5283632870226564,-0.2534035156551496,0
5.779178279429977,0.2862204181985637,-1.886912806804298,-2.386043856182365,-2.108959924506316,-0.15577373094254154,-0.5455055098948671,-1.5219366972157218,-0.4588815335054152,1
0.14292555141537688,-0.8426934417478922,1.5725674662636164,-0.9903178410663473,0.768977719340985,-0.5145309902466901,-0.6858891896227823,0.018140413926853297,0.5024244853440739,0
0.3431853671599925,-0.9317043733988734,1.0459847340451405,-0.7661282172308073,-0.6829802201355364,-0.3997527479117914,-0.5602127784940995,0.5312680476580491,-0.8312337356277318,0
0.6671559907266982,0.23452013556333973,1.660916157890655,1.1181868499529404,-0.03679664319886276,-0.5645638962401381,0.5128961120833588,-0.06760241351253615,-0.009557032738771565,0
0.06958377881301252,-0.7346967858916978,0.5810626718902938,-0.3915692907226075,0.40629442250607173,0.16600008817899237,-0.5989235156853076,-0.23343355700705937,-0.2335643147689559,0
-0.2213844351105711,-0.16087577553471816,1.3182997491403758,0.858856930984323,0.059611009186077576,-0.5670043552867816,1.0404989842042032,0.46387380491026264,0.11899885062490392,0
0.536889446416912,0.612380035627956,1.33073671620452,-0.18851578515920783,-0.18026538806376974,0.34427334949847677,1.0964724523011027,1.0746430312777036,-0.39656678100153414,0
-0.76971109713864,-2.9572736480611073,2.3069102634860346,2.627535497426805,3.729439045897612,1.238699920195765,0.06973825374769092,-1.054250108476386,-4.006167623590876,1
-2.1029797176442306,-2.2125117970593724,1.6541595667613347,1.2279504388380207,-0.8076269512982812,-1.5737725087025882,3.426331180183415,1.8294218868295924,-3.993301910231049,1
0.12039111164268934,1.2446292774356147,1.1344826792415743,0.14171610957126707,0.03529945827013687,0.6498074528982418,1.0487406490141253,-0.2700912371275605,-0.16069043903569813,0
-0.2581524932204332,0.6493446808779509,1.6955183863305732,0.6337775715141885,0.39500801344201636,1.5213340690326742,-0.31720728939715526,-0.6242313089054276,0.2580788960791076,0
2.9027532992350884,2.6722940726784965,1.5284280634161367,1.9771933881414567,-0.05663262425019361,-0.766235214972528,2.253633604908306,0.1991598026698408,-1.5212611452788387,1
-0.06616041433003894,-0.9115253887242978,-1.3670550323123374,0.19347727060789424,-0.8667803423055047,2.123392374111018,2.682944844379577,0.8218516242636968,0.5806387075029444,1
-0.2700024857744512,1.4570313046317487,0.8944248787798226,-0.41953939022616843,0.8628952169782074,-0.8146520879228667,0.3583357078861411,-0.5062223782820909,-1.2304800610928968,0
0.13576585437372093,0.8748730912415232,1.4699640965067249,0.2963651775841023,0.665511965219197,-0.43331801987926377,0.08532585630531993,1.143385334771618,0.1995024006865286,0
-0.5313858203224459,0.5854682815245968,0.8745690222647808,0.5334100323796047,0.15162276939912084,0.25117194767553075,-0.0030801877678290485,-0.4301652732918801,-0.6555000553429159,0
-0.08655986610840437,-0.34089504787320685,1.3590943346235829,0.09391610759506996,0.36786922494219315,0.335294610712703,-0.3632912111574915,0.5316763044085088,-0.008336271287306074,0
0.1363377324509628,-0.10760390566859253,0.4807679220455622,0.21512340700935892,0.8276815722106503,0.006135234673585455,-0.10533015908776658,0.03239601725298222,-1.2377379152136434,0
-2.50976320443322,-1.2814463402903087,-0.8176380780987376,-1.3428492069052949,1.0638737329999521,0.856844344347484,-2.1919920096541112,1.548822284796746,0.9738431224204429,1
-0.04837894273961413,-1.1411847383771045,1.1826079621260677,0.058096650853469406,-1.1059428902674795,-0.7310287186939607,-0.042671195518814556,-0.17925023895504377,-0.7146880354271807,0
-1.8451876331127335,-1.0858237849750323,2.1294439858769807,-2.8383816588056203,-1.3492029165993986,2.4784530350537057,-0.575013613017815,-2.6704762946476497,3.156124600951017,1
-2.593735918317356,1.861865595335029,-3.3321441826185247,-1.5885366742818605,-0.9409748998660588,0.7843239903145416,-0.08785333548028712,0.19640554585175984,4.7548955798696815,1
1.006842253701873,1.8484721560707609,0.7486159624587838,-0.08543470976223715,0.1010905647306172,-0.07913861657931823,-0.1365943134929376,-0.2376247318815333,0.06353876494402286,0
-0.6271209353728306,0.481149957212691,0.8066682299029017,-0.16865058569941904,-0.33403558875991,0.21684111359750524,-0.5671135596113419,-0.024637499827620715,0.5390753700341526,0
0.25093171528339375,0.3046583078407642,1.0569513446408425,-0.5081732507973619,1.327225375167155,-0.3608278487892525,0.40726369077424757,0.310145852986213,-0.5138023752541327,0
0.5916244775619187,0.8436603023160175,2.662678837302056,0.24935326595727608,-0.040586603519718045,-0.4465941663842159,-0.6907276750238218,-0.11705686959653416,0.02346125461690013,0
0.08357227733205756,-0.5559977053604362,1.0037701925710918,0.41571208802211557,0.026447450905933367,-1.0469656943319376,0.28830827282732713,-0.289582691141044,0.03619661565563932,0
-1.22120858268274,0.5055052048441147,1.1379116334669692,-0.7340202826294249,0.42269158992606026,-0.14888746018904533,0.5960622949270861,-0.30689686458613485,0.2669266519221807,0
-0.4956970043413476,0.30871892342234214,0.31979802296371096,-0.6735735233147612,-0.5569925608907302,-0.2634844199499361,0.9122118730902176,0.9402805396096766,-0.4269620137769021,0
3.941761997817922,-3.6426016560419123,4.497973391338637,0.15260770296142068,0.462764081787506,-0.21623290967618025,-1.3480864644074055,0.38873503388463787,2.725345685782079,1
0.22766777995462453,0.6340819148891612,0.854135421466379,-0.769948406036333,0.7441392229956832,0.49930988114190666,-0.26588795853266334,-0.17125498582380322,1.2686247236399146,0
-0.7195138056957798,0.1721375633281994,0.890865625476507,1.0760926894246603,-0.07490408921528349,0.5833160547261337,-0.493865619934569,-0.8905342294371767,-0.18305285300710025,0
-0.26009640311283433,-0.5251246698226124,1.710418069383407,0.0070956062281323645,-1.1497240954677892,0.2741854714719335,-0.16040742854039097,0.2008034793575647,0.8543809018025185,0
1.0956221056741255,-0.5054469984113119,1.2777279577167877,-0.41160969095567623,-0.10156562341177862,-0.4127643842392664,-1.010073954457053,-0.08846572711955035,0.2950813256267533,0
-0.16911121246336477,0.5059380408599596,1.0144342579265864,-0.26135026781313053,0.624141353451478,-0.7910300578216142,0.7219411325986291,-0.026261762333609384,0.7152760240582925,0
0.9647320455778374,0.40700686448553125,0.35193672789290964,-0.6346176189847247,-0.5947781022199692,0.5983693548379622,0.05281649152146117,-0.0971617157348433,-0.26057507178102224,0
0.9507673116016573,0.6597129818385425,1.70641150155107,0.6496700719191741,-0.016863983169708593,0.11335915669644664,0.02825663070941581,-0.13433274387399216,-0.1757614708852967,0
-0.5947214344265009,-3.9409705874314205,-1.634581087768275,1.413804121167102,0.7584254635713525,2.399308272157282,-0.1925201434550639,-0.5729741160933796,-0.657807468058848,1
-2.2700879232825355,-4.26747527696252,0.9508834850979834,-0.5566194960924015,2.2774527083037452,0.06816709593156128,-2.3749758214603536,2.916027832645796,0.8487219937797059,1
0.609041376496716,0.30956149366240254,1.7648937092850918,-0.3996986532243288,-0.3721144294074974,-0.12242119599321738,-0.027144828277844896,0.9922509439878973,0.8738198744122223,0
-0.20566231192081272,-1.961048209427846,0.38816015746697663,3.0449705837477388,0.340053617592335,-0.8785820670522819,-0.4329942331579173,0.7547968700795776,2.136757320190407,1
0.12409972256911925,-0.509476054765052,0.8049767624072753,-0.17088103519053358,-0.6071820287610341,0.18336088584273239,-0.5961596935686672,0.19787475753433648,-0.03385938825700663,0
-0.012501284076537222,-0.602346556735906,2.3214264225486394,-0.8527320358320196,0.23060799989614925,-0.5282271721568104,-0.14080599166454905,-0.5638851902829135,-0.06622874548639027,0
-0.10080787708111252,-0.10874312723871292,0.9949987843417524,-0.052386067818825946,-0.12472840499600113,0.10120856012644534,0.24294201219684236,0.4235525481471718,0.22457872790301006,0
0.5709580917470579,-0.4956694214606495,0.8279720061909229,0.1014328846564522,0.845128324667006,0.5384544241120168,-0.3917874438247768,0.3443572909894688,-0.14770488433744738,0
-0.03790810190783439,0.18380170697061685,2.8301991196043277,-0.1944724039870143,-0.17046536743965568,-0.4264366388392808,-0.25400606798182385,0.31541252722688595,3.027801805659848,1
0.20452447942899343,-0.22635314756744312,1.3111407869292961,0.3080291035811439,0.09728215606481139,0.20580905876013167,0.4006046985530749,-0.09948111712828384,0.3308089430360962,0
0.027600935936803184,-0.9748496078362113,0.28976109162697183,-0.06465469564962684,-0.536901723136228,0.691725565080819,-1.1861885423783987,0.35016651705789037,0.3342565888244284,0
-0.3349752160651045,-0.15102529410282453,1.1652115663383729,-0.5541211919243797,0.8602425958359263,-1.1774437744437556,-0.6128877689350257,0.27511514107210866,-0.31953128883386966,0
3.560883903285802,-3.6068391580898775,-2.4130238690159036,0.5788097126704649,-0.5799435705179186,-1.0330075412802198,0.4944621334619384,-1.54105198374984,-0.06364479512500099,1
0.62508192837525,0.25607085412735153,0.3232797950792522,0.6984905610552563,-0.2766169994340918,0.840700733369784,0.2523629041651014,0.14192543153968662,0.897737570988387,0
0.3872618682742296,0.43135247987858094,0.03271711556047163,0.36629646796871396,-0.14244945361167347,-0.16974429982701844,-0.47734911291618576,0.43461692157377874,-0.7312231119522987,0
-0.1338538729644431,-0.006950441166929444,0.8429096774655181,0.1355964839435306,-0.5483195471456281,-0.6153512237724985,0.36205628360888364,-0.6711485044350035,0.19712189856367957,0
-0.21333252882263337,-0.18531980752993188,0.9740915516574223,0.3504608746969034,0.10521726528288836,-0.11291722750218577,0.007269604222346522,-0.10897541686114709,-1.0179918626271773,0
-0.11239929685796665,0.9645087436855269,-0.6564649869502092,-0.40709244133305217,-0.24526741265055568,-0.5327707099231599,0.14628297571158672,-0.20459719571790425,0.038641956746639616,0
-0.04637888253529343,0.3136970870124566,1.3135253153816462,-0.3022005190136281,0.9049937860399973,-0.037697684250403346,0.6040675764886876,0.9842659907976765,0.475486457344242,0
-0.22691937109174182,0.34188072367682176,0.9844354543702973,-0.19774822222133598,0.8250120243776925,-0.6818251753914293,-0.1827243891336232,-0.17030157707652116,-0.23881685842577086,0
0.511535331384876,0.36043337945199394,0.5721443447863551,-0.4007420686176257,0.12447200960072098,0.6822644071080904,-0.7855898964465933,0.8537322309761671,1.0060351852379046,0
0.378454620726394,-0.18631963535857105,1.3255458177548318,-0.46389593633009835,-0.7619474666349678,0.47074099184666135,0.27670512967113936,-0.43380530123746064,-1.5450585761869908,0
-0.5116066184094509,-0.8275636225344479,1.3554224522871594,-0.20056277741091483,-0.13332035311293594,1.6353923775077033,0.5856113953033251,0.548283511846015,0.5968736848678908,0
0.17526864228442282,-0.14231777589956818,0.47984565430292947,0.6023039444572771,-1.081532334763339,0.27391298813757986,-1.225460089788364,0.14552768669914515,0.28042453428633957,0
2.8008482876534044,0.16645094931645293,-2.5699866528041433,1.4607070339555117,-1.2606230507092275,-2.212597188799484,0.11790575635574202,0.07214651123071497,1.8652757367112263,1
0.5397386282339127,0.6231371003699726,0.9133328733768257,-0.4123758518911904,0.2652814481779853,-0.7790966522217024,-0.45955385560808315,0.18023188468220327,1.3477391854479552,0
-0.6002006325794034,0.23960501862649197,0.8946358406867971,-0.6936739597087039,0.3120871316816315,0.06910314072525767,-0.5704503407200622,-0.47895728301319374,0.07687621258880195,0
-4.400918597232334,3.0012169746244117,-1.1431792194899035,2.4768964866415386,0.5635973502823676,3.0985751675432844,0.9311517097941657,-1.8506089362151892,-1.631307345516521,1
-0.37124746096376793,0.7097990842130647,1.2419802023641338,0.28921709763678505,-0.7908112066907751,-0.42380813635258363,0.9293193899765435,-1.06634657223651,0.0727273494218415,0
0.2281209265096765,-0.09762385169685672,-0.07767100705959629,0.00937427885184601,-0.8465295531443708,0.00033017267129775013,-0.7015370257723663,-0.0885961110318767,0.335194782668073,0
-0.7212505193204871,0.515612270918099,1.2151610620161626,0.5461914455905726,-0.900711479046095,0.4583904044662417,0.014941130582672005,-0.44966267454775777,-1.0166093114632488,0
0.5299339449327198,-0.06935393481089897,1.551138833958681,1.130541452163235,0.4224292675681985,0.7238993382527139,-0.4436262571037202,0.33754509059927207,-0.5516573474522194,0
-0.30262857769409396,1.0963668883548037,0.4657601539561743,0.844805101418164,0.44310515224365116,0.6377495030825434,-0.21365108420961837,0.12135581219422456,-0.05767075770499676,0
0.15581595821955907,-4.832138434575363,1.8866381081034123,-2.1624674493546303,-2.3932999509225104,1.3830405242974773,1.4455605274137948,0.19829198335829334,0.9637674966706502,1
-0.0888469184523459,0.05601613327319831,0.48125810250087064,0.6090734563273805,-0.0020069636814415764,-0.06857020361777214,0.5388094906118739,-0.40244344774727847,-0.11526651519692459,0
-1.2685540575367984,-2.297576217119878,2.948371266092507,0.7924598872990682,-1.8289823678004011,-1.2673368193116141,3.3909363110504813,-0.9925973091973788,2.367271825518314,1
0.8350083784124225,0.17972375645303862,0.16482360307903865,-0.6788428059823074,0.4693919520176176,-0.10863840849413989,0.2826321944341997,0.6069465022062525,0.06476957002227188,0
5.075799100711655,0.2369752092155724,-0.34698735726696955,-0.15355507544583397,-1.0539981802729312,-1.1493684353381732,-3.581845657101706,-0.19340283306927475,-0.6915428713189264,1
0.8041115268859165,-0.46815834674436946,0.5143808191445607,0.21530269317578815,-0.49520569827884453,0.858931797967502,0.28516428697793633,-0.046960063704693106,0.09636620472004168,0
0.4074631122952131,0.006135646024044442,2.57428746192509,0.6531387605563579,0.6379393620738592,-0.2146999316679154,0.2672101332524735,0.024544931755025923,-0.23347941057966026,0
0.3239558689301148,-0.6105156238189648,0.8647189796108562,-0.5077261551182954,0.0573105217866664,-0.3898526484995385,-1.2392799160988215,0.2842587070704841,0.004785092999148727,0
-0.006065405688620684,-0.629559705402182,1.7407832871558608,-0.49352422831769277,-0.02426374524399621,-0.3311290726452033,-0.5683719049684806,-0.15063389903452432,-1.4083037092446298,0
0.2865994175970965,0.4509550923450389,1.7648999032884973,0.07394116553429275,-0.5663560825083198,0.7144728398093765,0.44311974593512443,-0.02223897193422439,0.02068817963693992,0
0.8085640076361302,0.055902082055764316,0.516329175696328,0.6688219745242396,-0.27456719997786067,-0.748381320755258,-0.028431546468164644,-0.04231071779343909,-1.2692229607770389,0
-0.6507995791724582,-0.3407175573076755,0.3359483828856137,0.22979918062365345,-0.2236623752163281,0.18616832732712127,-0.6935858945984041,0.18477503971256592,-0.33093740273749844,0
-0.96841369474909,0.5360765613657098,0.47363198702501136,0.8882013060800129,0.3749880217372784,0.47310118906611054,0.4500864137824703,0.22576191461241513,-0.0046905364046273545,0
0.8898350991961945,0.566323444899702,0.9839748070338236,0.21229066635921096,-1.043476415945508,0.48604401768391214,0.624088334208936,0.6114496684651635,0.5544137841282409,0
-3.2037058433868415,2.257401138523769,-3.3665995463653853,1.8318976249433492,-1.214919417772133,0.8848188753510302,1.941708533599424,-0.44007779754620024,-3.871389891163303,1
0.5949133432544298,-0.27586157437424547,1.1785503062468115,0.7039072731629255,0.019905970582437232,0.5137518254595965,0.10183642373746522,-0.35625236902779905,-0.15156217584286819,0
0.491903639771904,-0.0459209393878534,1.3821939103549503,-0.2165367796727038,-0.13083323311005246,-0.07424551534401261,-0.29806820650226984,0.8831427176067395,-0.12082103801283461,0
1.2979094011804118,5.043012865552113,1.4782957574323765,-0.38513416234341585,0.24023356442198474,1.1193166779341022,-2.9541893928426757,-1.026748343803742,2.9853310437633698,1
-0.24407700810998534,-0.2550560686925739,1.7467155358007291,1.1594895283254765,0.7482318905216245,-0.5961112181130709,0.5903721573047038,-0.6071051989786358,-0.0032352433649453782,0
0.21297144777677168,0.46892867925338927,1.4491152212459149,-0.17565019686144773,-0.6703942161357038,0.7855246892112449,-0.3438225524178593,0.08811810624118534,-0.7332690948089515,0
0.7876195298031893,-0.032210031104534215,0.6607073693887902,0.2111174545751106,0.36235341047866776,0.355748548287085,0.05925069423334717,0.3239285082401894,0.20262443959298299,0
-3.807217529956111,-2.4230620045521567,2.897932772928768,-0.03356071430165297,-0.5523730156925677,0.8450854841992859,1.2216717840114573,1.6442797552968726,-2.4925159857724415,1
0.16598436420821527,-0.011249887386580504,0.11477266143409545,0.12761193046483613,-0.39300546028734606,0.27208082114394955,0.9544821425079786,0.8233713165608763,1.167511844403113,0
-0.08015751697399545,0.2669404814504997,0.7917134957476464,-0.09519468132910279,0.5101265675314417,-1.0941812532333512,0.39783515360831334,-0.9022017221191857,-0.22649716559050576,0
0.8441042797264108,-0.49653532625507424,0.9228499769824113,-0.34853018818959725,0.5800806465714741,-0.6812852712821844,-1.0952195581054618,0.394116148837858,-0.7896982736326033,0
-1.1201429314120108,-0.46457136374078645,0.8756200296065969,-0.07189800154702952,-0.47467535924036797,-0.48052267318581493,0.5590141554815516,-0.40416313897694917,-0.9966423443546364,0
-0.27726212600461814,-0.5178062243213255,0.21100723423118772,0.5071538093115393,-0.423452228343983,-0.697412231669629,0.35288711820893737,0.8157622083065896,0.7441684517338241,0
-1.2248133958342224,-0.3012348566146621,0.9542886008218063,0.03820733423368951,-0.36489917808821565,-0.5236677730543904,-0.7168148703543261,1.249168847690894,0.07584369597422842,0
0.012321991010217415,-0.14816802325939055,1.0446637323518457,0.0183256804018096,-0.6600810476983283,-0.5998727152700924,0.3112031470294383,0.3218925245079238,0.44465987192573564,0
0.4704397102398912,-0.6880681018503014,2.2153381105709786,0.27425469974957295,0.29979984803836424,1.388075131582877,0.98563253228337,0.35453463981248595,0.19809210668202598,0
1.150113676089585,-0.6804690770640116,0.7329839393135684,-0.026150920731966842,-0.5135906103314998,0.3586638142440313,0.1809327138058066,-0.310290436367675,0.13215446501020328,0
0.5418407392937484,-0.041677889033179,1.4667378354567193,0.26614610374496794,0.5621354646465038,0.08638876777218449,-0.0023019936890469883,-0.326545008915345,0.058055459205433424,0
1.3940299559843299,-0.9834684702808592,0.57679121871233,0.8738792166591569,0.5745585454429967,2.592282218525975,-0.5525635288249382,-1.274456219764072,1.1757777905651887,1
-1.5404874221025064,-0.011381876456395865,0.5016529713413184,-0.11381097816670296,-0.0771495038565811,0.6658342718552002,0.2486631449522993,0.02465666746516886,0.9028134407352979,0
-1.2055499010450086,0.46205933396080456,1.499098315648951,0.31985299908200093,-0.5781274561091563,-0.37969625474665547,0.1996950552152209,0.43036143392713,0.7027519672198672,0
-1.7109800708535474,-1.4424896509214926,4.138953499659111,0.38090984754853824,-1.450351834440265,-0.6959329119118672,-0.4851996280696829,0.3564325791255179,1.545230400511811,1
-0.1176643924131664,-1.1058913643355948,0.2968311183001682,-0.04135951534925737,1.111021518212872,0.1878361316039315,-0.026778266151259146,0.5812349634939411,0.22267342666449852,0
-1.6640641830159146,5.076770580246308,1.3441306399945532,-5.865673985027521,-0.14834417789648002,-2.0706619306268976,-2.2308211779449496,-0.8783675641864079,0.47965086879651314,1
-0.19407942875880693,0.608636113979498,0.6849017655286294,0.08357491675210005,-0.27293323780843476,0.4875471338194678,1.4403513338176104,-0.14286423501320084,0.09259908101433897,0
0.32450983358023044,0.09735727100944114,1.1287974065057513,0.24021084653723263,-0.3784040971332513,0.5021975653651739,0.033603123199837576,-0.21628484206235013,1.232168853828044,0
0.5231085837760153,0.34678317832753536,1.3434525517365712,-0.09814098703458904,0.2683613905922627,-0.5087199524509511,0.45378164636635443,-0.9012569950160235,-0.5823215509493976,0
0.8838374519851512,-0.756616532360904,0.09844192474573277,-0.6986113280266238,1.0953322133355077,-1.090704100875009,-0.5153013938592318,-1.0100492864918937,-0.2411269161120324,0
-0.4462306031234714,-0.16465879136790196,1.586528122356277,-0.9774772161383541,-0.007173553495845711,0.17354723631553137,-0.6043386343235108,-0.013244333898772082,-0.11298203920244347,0
0.3596024784334867,0.09307760756572928,-0.027735322154005315,0.6644601237479434,1.01891899865908,-0.34781939880066143,-0.41694904653672754,0.6362812434969141,0.5409884856859044,0
2.4091546395158785,-0.6305718851609564,-0.36701435564626084,0.502232107676916,-0.2788111506139834,1.440908747835057,1.239534837756319,-1.694431882844679,1.2104692213577446,1
-0.9023999677224228,-0.32335182367382564,0.3673111441743565,-0.5002899947471486,0.08769426589099599,-0.24935855100868043,-0.3767796259067724,-0.22096589605765404,-0.8041621823138653,0
